file,path,actor,gender,emotion,label,intensity,statement,repetition,human_acc,human_uhr
03-01-01-01-01-01-01,Actor_01/03-01-01-01-01-01-01.wav,1,M,neutral,0,normal,1,1,1.0,0.6881992822461473
03-01-01-01-01-02-01,Actor_01/03-01-01-01-01-02-01.wav,1,M,neutral,0,normal,1,2,1.0,0.6881992822461473
03-01-01-01-02-01-01,Actor_01/03-01-01-01-02-01-01.wav,1,M,neutral,0,normal,2,1,0.9,0.6193793540215327
03-01-01-01-02-02-01,Actor_01/03-01-01-01-02-02-01.wav,1,M,neutral,0,normal,2,2,1.0,0.6881992822461473
03-01-02-01-01-01-01,Actor_01/03-01-02-01-01-01-01.wav,1,M,calm,1,normal,1,1,0.9,0.6193793540215327
03-01-02-01-01-02-01,Actor_01/03-01-02-01-01-02-01.wav,1,M,calm,1,normal,1,2,0.9,0.6193793540215327
03-01-02-01-02-01-01,Actor_01/03-01-02-01-02-01-01.wav,1,M,calm,1,normal,2,1,0.8,0.5505594257969179
03-01-02-01-02-02-01,Actor_01/03-01-02-01-02-02-01.wav,1,M,calm,1,normal,2,2,0.8,0.5505594257969179
03-01-02-02-01-01-01,Actor_01/03-01-02-02-01-01-01.wav,1,M,calm,1,strong,1,1,0.6,0.4129195693476884
03-01-02-02-01-02-01,Actor_01/03-01-02-02-01-02-01.wav,1,M,calm,1,strong,1,2,0.8,0.5505594257969179
03-01-02-02-02-01-01,Actor_01/03-01-02-02-02-01-01.wav,1,M,calm,1,strong,2,1,0.8,0.5505594257969179
03-01-02-02-02-02-01,Actor_01/03-01-02-02-02-02-01.wav,1,M,calm,1,strong,2,2,0.8,0.5505594257969179
03-01-03-01-01-01-01,Actor_01/03-01-03-01-01-01-01.wav,1,M,happy,2,normal,1,1,0.0,0.0
03-01-03-01-01-02-01,Actor_01/03-01-03-01-01-02-01.wav,1,M,happy,2,normal,1,2,0.0,0.0
03-01-03-01-02-01-01,Actor_01/03-01-03-01-02-01-01.wav,1,M,happy,2,normal,2,1,0.0,0.0
03-01-03-01-02-02-01,Actor_01/03-01-03-01-02-02-01.wav,1,M,happy,2,normal,2,2,0.0,0.0
03-01-03-02-01-01-01,Actor_01/03-01-03-02-01-01-01.wav,1,M,happy,2,strong,1,1,0.3,0.2150572831423895
03-01-03-02-01-02-01,Actor_01/03-01-03-02-01-02-01.wav,1,M,happy,2,strong,1,2,0.2,0.14337152209492635
03-01-03-02-02-01-01,Actor_01/03-01-03-02-02-01-01.wav,1,M,happy,2,strong,2,1,0.2,0.14337152209492635
03-01-03-02-02-02-01,Actor_01/03-01-03-02-02-02-01.wav,1,M,happy,2,strong,2,2,0.1,0.07168576104746317
03-01-04-01-01-01-01,Actor_01/03-01-04-01-01-01-01.wav,1,M,sad,3,normal,1,1,0.1,0.06872549019607843
03-01-04-01-01-02-01,Actor_01/03-01-04-01-01-02-01.wav,1,M,sad,3,normal,1,2,0.6,0.4123529411764706
03-01-04-01-02-01-01,Actor_01/03-01-04-01-02-01-01.wav,1,M,sad,3,normal,2,1,0.1,0.06872549019607843
03-01-04-01-02-02-01,Actor_01/03-01-04-01-02-02-01.wav,1,M,sad,3,normal,2,2,0.0,0.0
03-01-04-02-01-01-01,Actor_01/03-01-04-02-01-01-01.wav,1,M,sad,3,strong,1,1,0.2,0.13745098039215686
03-01-04-02-01-02-01,Actor_01/03-01-04-02-01-02-01.wav,1,M,sad,3,strong,1,2,0.5,0.34362745098039216
03-01-04-02-02-01-01,Actor_01/03-01-04-02-02-01-01.wav,1,M,sad,3,strong,2,1,0.2,0.13745098039215686
03-01-04-02-02-02-01,Actor_01/03-01-04-02-02-02-01.wav,1,M,sad,3,strong,2,2,0.6,0.4123529411764706
03-01-05-01-01-01-01,Actor_01/03-01-05-01-01-01-01.wav,1,M,angry,4,normal,1,1,0.4,0.3158462575859744
03-01-05-01-01-02-01,Actor_01/03-01-05-01-01-02-01.wav,1,M,angry,4,normal,1,2,0.2,0.1579231287929872
03-01-05-01-02-01-01,Actor_01/03-01-05-01-02-01-01.wav,1,M,angry,4,normal,2,1,0.0,0.0
03-01-05-01-02-02-01,Actor_01/03-01-05-01-02-02-01.wav,1,M,angry,4,normal,2,2,0.1,0.0789615643964936
03-01-05-02-01-01-01,Actor_01/03-01-05-02-01-01-01.wav,1,M,angry,4,strong,1,1,0.8,0.6316925151719488
03-01-05-02-01-02-01,Actor_01/03-01-05-02-01-02-01.wav,1,M,angry,4,strong,1,2,0.7,0.5527309507754551
03-01-05-02-02-01-01,Actor_01/03-01-05-02-02-01-01.wav,1,M,angry,4,strong,2,1,0.9,0.7106540795684423
03-01-05-02-02-02-01,Actor_01/03-01-05-02-02-02-01.wav,1,M,angry,4,strong,2,2,0.9,0.7106540795684423
03-01-06-01-01-01-01,Actor_01/03-01-06-01-01-01-01.wav,1,M,fearful,5,normal,1,1,0.6,0.477211482132396
03-01-06-01-01-02-01,Actor_01/03-01-06-01-01-02-01.wav,1,M,fearful,5,normal,1,2,0.1,0.079535247022066
03-01-06-01-02-01-01,Actor_01/03-01-06-01-02-01-01.wav,1,M,fearful,5,normal,2,1,0.1,0.079535247022066
03-01-06-01-02-02-01,Actor_01/03-01-06-01-02-02-01.wav,1,M,fearful,5,normal,2,2,0.6,0.477211482132396
03-01-06-02-01-01-01,Actor_01/03-01-06-02-01-01-01.wav,1,M,fearful,5,strong,1,1,1.0,0.79535247022066
03-01-06-02-01-02-01,Actor_01/03-01-06-02-01-02-01.wav,1,M,fearful,5,strong,1,2,0.9,0.7158172231985941
03-01-06-02-02-01-01,Actor_01/03-01-06-02-02-01-01.wav,1,M,fearful,5,strong,2,1,0.7,0.556746729154462
03-01-06-02-02-02-01,Actor_01/03-01-06-02-02-02-01.wav,1,M,fearful,5,strong,2,2,0.9,0.7158172231985941
03-01-07-01-01-01-01,Actor_01/03-01-07-01-01-01-01.wav,1,M,disgust,6,normal,1,1,0.2,0.15656408258667706
03-01-07-01-01-02-01,Actor_01/03-01-07-01-01-02-01.wav,1,M,disgust,6,normal,1,2,0.3,0.23484612388001555
03-01-07-01-02-01-01,Actor_01/03-01-07-01-02-01-01.wav,1,M,disgust,6,normal,2,1,0.5,0.3914102064666926
03-01-07-01-02-02-01,Actor_01/03-01-07-01-02-02-01.wav,1,M,disgust,6,normal,2,2,0.1,0.07828204129333853
03-01-07-02-01-01-01,Actor_01/03-01-07-02-01-01-01.wav,1,M,disgust,6,strong,1,1,0.3,0.23484612388001555
03-01-07-02-01-02-01,Actor_01/03-01-07-02-01-02-01.wav,1,M,disgust,6,strong,1,2,0.4,0.3131281651733541
03-01-07-02-02-01-01,Actor_01/03-01-07-02-02-01-01.wav,1,M,disgust,6,strong,2,1,0.7,0.5479742890533696
03-01-07-02-02-02-01,Actor_01/03-01-07-02-02-02-01.wav,1,M,disgust,6,strong,2,2,0.5,0.3914102064666926
03-01-08-01-01-01-01,Actor_01/03-01-08-01-01-01-01.wav,1,M,surprised,7,normal,1,1,0.4,0.30623276337562055
03-01-08-01-01-02-01,Actor_01/03-01-08-01-01-02-01.wav,1,M,surprised,7,normal,1,2,0.9,0.6890237175951461
03-01-08-01-02-01-01,Actor_01/03-01-08-01-02-01-01.wav,1,M,surprised,7,normal,2,1,0.9,0.6890237175951461
03-01-08-01-02-02-01,Actor_01/03-01-08-01-02-02-01.wav,1,M,surprised,7,normal,2,2,0.2,0.15311638168781028
03-01-08-02-01-01-01,Actor_01/03-01-08-02-01-01-01.wav,1,M,surprised,7,strong,1,1,0.1,0.07655819084390514
03-01-08-02-01-02-01,Actor_01/03-01-08-02-01-02-01.wav,1,M,surprised,7,strong,1,2,0.6,0.4593491450634307
03-01-08-02-02-01-01,Actor_01/03-01-08-02-02-01-01.wav,1,M,surprised,7,strong,2,1,0.5,0.38279095421952564
03-01-08-02-02-02-01,Actor_01/03-01-08-02-02-02-01.wav,1,M,surprised,7,strong,2,2,0.5,0.38279095421952564
03-01-01-01-01-01-02,Actor_02/03-01-01-01-01-01-02.wav,2,F,neutral,0,normal,1,1,0.9,0.6193793540215327
03-01-01-01-01-02-02,Actor_02/03-01-01-01-01-02-02.wav,2,F,neutral,0,normal,1,2,1.0,0.6881992822461473
03-01-01-01-02-01-02,Actor_02/03-01-01-01-02-01-02.wav,2,F,neutral,0,normal,2,1,1.0,0.6881992822461473
03-01-01-01-02-02-02,Actor_02/03-01-01-01-02-02-02.wav,2,F,neutral,0,normal,2,2,1.0,0.6881992822461473
03-01-02-01-01-01-02,Actor_02/03-01-02-01-01-01-02.wav,2,F,calm,1,normal,1,1,1.0,0.6881992822461473
03-01-02-01-01-02-02,Actor_02/03-01-02-01-01-02-02.wav,2,F,calm,1,normal,1,2,1.0,0.6881992822461473
03-01-02-01-02-01-02,Actor_02/03-01-02-01-02-01-02.wav,2,F,calm,1,normal,2,1,0.9,0.6193793540215327
03-01-02-01-02-02-02,Actor_02/03-01-02-01-02-02-02.wav,2,F,calm,1,normal,2,2,0.9,0.6193793540215327
03-01-02-02-01-01-02,Actor_02/03-01-02-02-01-01-02.wav,2,F,calm,1,strong,1,1,0.8,0.5505594257969179
03-01-02-02-01-02-02,Actor_02/03-01-02-02-01-02-02.wav,2,F,calm,1,strong,1,2,1.0,0.6881992822461473
03-01-02-02-02-01-02,Actor_02/03-01-02-02-02-01-02.wav,2,F,calm,1,strong,2,1,0.9,0.6193793540215327
03-01-02-02-02-02-02,Actor_02/03-01-02-02-02-02-02.wav,2,F,calm,1,strong,2,2,0.9,0.6193793540215327
03-01-03-01-01-01-02,Actor_02/03-01-03-01-01-01-02.wav,2,F,happy,2,normal,1,1,0.7,0.5018003273322421
03-01-03-01-01-02-02,Actor_02/03-01-03-01-01-02-02.wav,2,F,happy,2,normal,1,2,0.6,0.430114566284779
03-01-03-01-02-01-02,Actor_02/03-01-03-01-02-01-02.wav,2,F,happy,2,normal,2,1,0.6,0.430114566284779
03-01-03-01-02-02-02,Actor_02/03-01-03-01-02-02-02.wav,2,F,happy,2,normal,2,2,0.5,0.35842880523731585
03-01-03-02-01-01-02,Actor_02/03-01-03-02-01-01-02.wav,2,F,happy,2,strong,1,1,1.0,0.7168576104746317
03-01-03-02-01-02-02,Actor_02/03-01-03-02-01-02-02.wav,2,F,happy,2,strong,1,2,1.0,0.7168576104746317
03-01-03-02-02-01-02,Actor_02/03-01-03-02-02-01-02.wav,2,F,happy,2,strong,2,1,0.9,0.6451718494271685
03-01-03-02-02-02-02,Actor_02/03-01-03-02-02-02-02.wav,2,F,happy,2,strong,2,2,0.9,0.6451718494271685
03-01-04-01-01-01-02,Actor_02/03-01-04-01-01-01-02.wav,2,F,sad,3,normal,1,1,0.4,0.2749019607843137
03-01-04-01-01-02-02,Actor_02/03-01-04-01-01-02-02.wav,2,F,sad,3,normal,1,2,0.3,0.2061764705882353
03-01-04-01-02-01-02,Actor_02/03-01-04-01-02-01-02.wav,2,F,sad,3,normal,2,1,0.8,0.5498039215686275
03-01-04-01-02-02-02,Actor_02/03-01-04-01-02-02-02.wav,2,F,sad,3,normal,2,2,0.7,0.48107843137254896
03-01-04-02-01-01-02,Actor_02/03-01-04-02-01-01-02.wav,2,F,sad,3,strong,1,1,0.8,0.5498039215686275
03-01-04-02-01-02-02,Actor_02/03-01-04-02-01-02-02.wav,2,F,sad,3,strong,1,2,0.7,0.48107843137254896
03-01-04-02-02-01-02,Actor_02/03-01-04-02-02-01-02.wav,2,F,sad,3,strong,2,1,0.8,0.5498039215686275
03-01-04-02-02-02-02,Actor_02/03-01-04-02-02-02-02.wav,2,F,sad,3,strong,2,2,0.9,0.6185294117647059
03-01-05-01-01-01-02,Actor_02/03-01-05-01-01-01-02.wav,2,F,angry,4,normal,1,1,0.1,0.0789615643964936
03-01-05-01-01-02-02,Actor_02/03-01-05-01-01-02-02.wav,2,F,angry,4,normal,1,2,0.2,0.1579231287929872
03-01-05-01-02-01-02,Actor_02/03-01-05-01-02-01-02.wav,2,F,angry,4,normal,2,1,0.4,0.3158462575859744
03-01-05-01-02-02-02,Actor_02/03-01-05-01-02-02-02.wav,2,F,angry,4,normal,2,2,0.2,0.1579231287929872
03-01-05-02-01-01-02,Actor_02/03-01-05-02-01-01-02.wav,2,F,angry,4,strong,1,1,1.0,0.7896156439649359
03-01-05-02-01-02-02,Actor_02/03-01-05-02-01-02-02.wav,2,F,angry,4,strong,1,2,0.8,0.6316925151719488
03-01-05-02-02-01-02,Actor_02/03-01-05-02-02-01-02.wav,2,F,angry,4,strong,2,1,0.8,0.6316925151719488
03-01-05-02-02-02-02,Actor_02/03-01-05-02-02-02-02.wav,2,F,angry,4,strong,2,2,0.9,0.7106540795684423
03-01-06-01-01-01-02,Actor_02/03-01-06-01-01-01-02.wav,2,F,fearful,5,normal,1,1,0.7,0.556746729154462
03-01-06-01-01-02-02,Actor_02/03-01-06-01-01-02-02.wav,2,F,fearful,5,normal,1,2,0.5,0.39767623511033
03-01-06-01-02-01-02,Actor_02/03-01-06-01-02-01-02.wav,2,F,fearful,5,normal,2,1,0.6,0.477211482132396
03-01-06-01-02-02-02,Actor_02/03-01-06-01-02-02-02.wav,2,F,fearful,5,normal,2,2,0.7,0.556746729154462
03-01-06-02-01-01-02,Actor_02/03-01-06-02-01-01-02.wav,2,F,fearful,5,strong,1,1,0.7,0.556746729154462
03-01-06-02-01-02-02,Actor_02/03-01-06-02-01-02-02.wav,2,F,fearful,5,strong,1,2,1.0,0.79535247022066
03-01-06-02-02-01-02,Actor_02/03-01-06-02-02-01-02.wav,2,F,fearful,5,strong,2,1,0.8,0.636281976176528
03-01-06-02-02-02-02,Actor_02/03-01-06-02-02-02-02.wav,2,F,fearful,5,strong,2,2,0.8,0.636281976176528
03-01-07-01-01-01-02,Actor_02/03-01-07-01-01-01-02.wav,2,F,disgust,6,normal,1,1,0.7,0.5479742890533696
03-01-07-01-01-02-02,Actor_02/03-01-07-01-01-02-02.wav,2,F,disgust,6,normal,1,2,0.9,0.7045383716400467
03-01-07-01-02-01-02,Actor_02/03-01-07-01-02-01-02.wav,2,F,disgust,6,normal,2,1,0.9,0.7045383716400467
03-01-07-01-02-02-02,Actor_02/03-01-07-01-02-02-02.wav,2,F,disgust,6,normal,2,2,0.7,0.5479742890533696
03-01-07-02-01-01-02,Actor_02/03-01-07-02-01-01-02.wav,2,F,disgust,6,strong,1,1,0.7,0.5479742890533696
03-01-07-02-01-02-02,Actor_02/03-01-07-02-01-02-02.wav,2,F,disgust,6,strong,1,2,0.8,0.6262563303467082
03-01-07-02-02-01-02,Actor_02/03-01-07-02-02-01-02.wav,2,F,disgust,6,strong,2,1,0.5,0.3914102064666926
03-01-07-02-02-02-02,Actor_02/03-01-07-02-02-02-02.wav,2,F,disgust,6,strong,2,2,0.6,0.4696922477600311
03-01-08-01-01-01-02,Actor_02/03-01-08-01-01-01-02.wav,2,F,surprised,7,normal,1,1,1.0,0.7655819084390513
03-01-08-01-01-02-02,Actor_02/03-01-08-01-01-02-02.wav,2,F,surprised,7,normal,1,2,0.9,0.6890237175951461
03-01-08-01-02-01-02,Actor_02/03-01-08-01-02-01-02.wav,2,F,surprised,7,normal,2,1,0.9,0.6890237175951461
03-01-08-01-02-02-02,Actor_02/03-01-08-01-02-02-02.wav,2,F,surprised,7,normal,2,2,1.0,0.7655819084390513
03-01-08-02-01-01-02,Actor_02/03-01-08-02-01-01-02.wav,2,F,surprised,7,strong,1,1,1.0,0.7655819084390513
03-01-08-02-01-02-02,Actor_02/03-01-08-02-01-02-02.wav,2,F,surprised,7,strong,1,2,1.0,0.7655819084390513
03-01-08-02-02-01-02,Actor_02/03-01-08-02-02-01-02.wav,2,F,surprised,7,strong,2,1,0.9,0.6890237175951461
03-01-08-02-02-02-02,Actor_02/03-01-08-02-02-02-02.wav,2,F,surprised,7,strong,2,2,1.0,0.7655819084390513
03-01-01-01-01-01-03,Actor_03/03-01-01-01-01-01-03.wav,3,M,neutral,0,normal,1,1,1.0,0.6881992822461473
03-01-01-01-01-02-03,Actor_03/03-01-01-01-01-02-03.wav,3,M,neutral,0,normal,1,2,0.9,0.6193793540215327
03-01-01-01-02-01-03,Actor_03/03-01-01-01-02-01-03.wav,3,M,neutral,0,normal,2,1,1.0,0.6881992822461473
03-01-01-01-02-02-03,Actor_03/03-01-01-01-02-02-03.wav,3,M,neutral,0,normal,2,2,1.0,0.6881992822461473
03-01-02-01-01-01-03,Actor_03/03-01-02-01-01-01-03.wav,3,M,calm,1,normal,1,1,0.9,0.6193793540215327
03-01-02-01-01-02-03,Actor_03/03-01-02-01-01-02-03.wav,3,M,calm,1,normal,1,2,0.8,0.5505594257969179
03-01-02-01-02-01-03,Actor_03/03-01-02-01-02-01-03.wav,3,M,calm,1,normal,2,1,0.4,0.27527971289845893
03-01-02-01-02-02-03,Actor_03/03-01-02-01-02-02-03.wav,3,M,calm,1,normal,2,2,0.3,0.2064597846738442
03-01-02-02-01-01-03,Actor_03/03-01-02-02-01-01-03.wav,3,M,calm,1,strong,1,1,0.8,0.5505594257969179
03-01-02-02-01-02-03,Actor_03/03-01-02-02-01-02-03.wav,3,M,calm,1,strong,1,2,0.5,0.3440996411230737
03-01-02-02-02-01-03,Actor_03/03-01-02-02-02-01-03.wav,3,M,calm,1,strong,2,1,0.5,0.3440996411230737
03-01-02-02-02-02-03,Actor_03/03-01-02-02-02-02-03.wav,3,M,calm,1,strong,2,2,0.6,0.4129195693476884
03-01-03-01-01-01-03,Actor_03/03-01-03-01-01-01-03.wav,3,M,happy,2,normal,1,1,0.6,0.430114566284779
03-01-03-01-01-02-03,Actor_03/03-01-03-01-01-02-03.wav,3,M,happy,2,normal,1,2,0.3,0.2150572831423895
03-01-03-01-02-01-03,Actor_03/03-01-03-01-02-01-03.wav,3,M,happy,2,normal,2,1,0.8,0.5734860883797054
03-01-03-01-02-02-03,Actor_03/03-01-03-01-02-02-03.wav,3,M,happy,2,normal,2,2,0.3,0.2150572831423895
03-01-03-02-01-01-03,Actor_03/03-01-03-02-01-01-03.wav,3,M,happy,2,strong,1,1,0.5,0.35842880523731585
03-01-03-02-01-02-03,Actor_03/03-01-03-02-01-02-03.wav,3,M,happy,2,strong,1,2,0.3,0.2150572831423895
03-01-03-02-02-01-03,Actor_03/03-01-03-02-02-01-03.wav,3,M,happy,2,strong,2,1,0.7,0.5018003273322421
03-01-03-02-02-02-03,Actor_03/03-01-03-02-02-02-03.wav,3,M,happy,2,strong,2,2,0.3,0.2150572831423895
03-01-04-01-01-01-03,Actor_03/03-01-04-01-01-01-03.wav,3,M,sad,3,normal,1,1,0.6,0.4123529411764706
03-01-04-01-01-02-03,Actor_03/03-01-04-01-01-02-03.wav,3,M,sad,3,normal,1,2,0.4,0.2749019607843137
03-01-04-01-02-01-03,Actor_03/03-01-04-01-02-01-03.wav,3,M,sad,3,normal,2,1,0.7,0.48107843137254896
03-01-04-01-02-02-03,Actor_03/03-01-04-01-02-02-03.wav,3,M,sad,3,normal,2,2,0.6,0.4123529411764706
03-01-04-02-01-01-03,Actor_03/03-01-04-02-01-01-03.wav,3,M,sad,3,strong,1,1,0.7,0.48107843137254896
03-01-04-02-01-02-03,Actor_03/03-01-04-02-01-02-03.wav,3,M,sad,3,strong,1,2,0.7,0.48107843137254896
03-01-04-02-02-01-03,Actor_03/03-01-04-02-02-01-03.wav,3,M,sad,3,strong,2,1,0.7,0.48107843137254896
03-01-04-02-02-02-03,Actor_03/03-01-04-02-02-02-03.wav,3,M,sad,3,strong,2,2,0.9,0.6185294117647059
03-01-05-01-01-01-03,Actor_03/03-01-05-01-01-01-03.wav,3,M,angry,4,normal,1,1,0.8,0.6316925151719488
03-01-05-01-01-02-03,Actor_03/03-01-05-01-01-02-03.wav,3,M,angry,4,normal,1,2,0.7,0.5527309507754551
03-01-05-01-02-01-03,Actor_03/03-01-05-01-02-01-03.wav,3,M,angry,4,normal,2,1,0.3,0.23688469318948074
03-01-05-01-02-02-03,Actor_03/03-01-05-01-02-02-03.wav,3,M,angry,4,normal,2,2,0.9,0.7106540795684423
03-01-05-02-01-01-03,Actor_03/03-01-05-02-01-01-03.wav,3,M,angry,4,strong,1,1,1.0,0.7896156439649359
03-01-05-02-01-02-03,Actor_03/03-01-05-02-01-02-03.wav,3,M,angry,4,strong,1,2,1.0,0.7896156439649359
03-01-05-02-02-01-03,Actor_03/03-01-05-02-02-01-03.wav,3,M,angry,4,strong,2,1,1.0,0.7896156439649359
03-01-05-02-02-02-03,Actor_03/03-01-05-02-02-02-03.wav,3,M,angry,4,strong,2,2,1.0,0.7896156439649359
03-01-06-01-01-01-03,Actor_03/03-01-06-01-01-01-03.wav,3,M,fearful,5,normal,1,1,0.9,0.7158172231985941
03-01-06-01-01-02-03,Actor_03/03-01-06-01-01-02-03.wav,3,M,fearful,5,normal,1,2,0.8,0.636281976176528
03-01-06-01-02-01-03,Actor_03/03-01-06-01-02-01-03.wav,3,M,fearful,5,normal,2,1,0.8,0.636281976176528
03-01-06-01-02-02-03,Actor_03/03-01-06-01-02-02-03.wav,3,M,fearful,5,normal,2,2,0.8,0.636281976176528
03-01-06-02-01-01-03,Actor_03/03-01-06-02-01-01-03.wav,3,M,fearful,5,strong,1,1,1.0,0.79535247022066
03-01-06-02-01-02-03,Actor_03/03-01-06-02-01-02-03.wav,3,M,fearful,5,strong,1,2,0.9,0.7158172231985941
03-01-06-02-02-01-03,Actor_03/03-01-06-02-02-01-03.wav,3,M,fearful,5,strong,2,1,0.9,0.7158172231985941
03-01-06-02-02-02-03,Actor_03/03-01-06-02-02-02-03.wav,3,M,fearful,5,strong,2,2,0.9,0.7158172231985941
03-01-07-01-01-01-03,Actor_03/03-01-07-01-01-01-03.wav,3,M,disgust,6,normal,1,1,0.7,0.5479742890533696
03-01-07-01-01-02-03,Actor_03/03-01-07-01-01-02-03.wav,3,M,disgust,6,normal,1,2,0.6,0.4696922477600311
03-01-07-01-02-01-03,Actor_03/03-01-07-01-02-01-03.wav,3,M,disgust,6,normal,2,1,0.6,0.4696922477600311
03-01-07-01-02-02-03,Actor_03/03-01-07-01-02-02-03.wav,3,M,disgust,6,normal,2,2,0.4,0.3131281651733541
03-01-07-02-01-01-03,Actor_03/03-01-07-02-01-01-03.wav,3,M,disgust,6,strong,1,1,0.5,0.3914102064666926
03-01-07-02-01-02-03,Actor_03/03-01-07-02-01-02-03.wav,3,M,disgust,6,strong,1,2,0.7,0.5479742890533696
03-01-07-02-02-01-03,Actor_03/03-01-07-02-02-01-03.wav,3,M,disgust,6,strong,2,1,1.0,0.7828204129333852
03-01-07-02-02-02-03,Actor_03/03-01-07-02-02-02-03.wav,3,M,disgust,6,strong,2,2,0.9,0.7045383716400467
03-01-08-01-01-01-03,Actor_03/03-01-08-01-01-01-03.wav,3,M,surprised,7,normal,1,1,0.6,0.4593491450634307
03-01-08-01-01-02-03,Actor_03/03-01-08-01-01-02-03.wav,3,M,surprised,7,normal,1,2,0.6,0.4593491450634307
03-01-08-01-02-01-03,Actor_03/03-01-08-01-02-01-03.wav,3,M,surprised,7,normal,2,1,0.5,0.38279095421952564
03-01-08-01-02-02-03,Actor_03/03-01-08-01-02-02-03.wav,3,M,surprised,7,normal,2,2,0.0,0.0
03-01-08-02-01-01-03,Actor_03/03-01-08-02-01-01-03.wav,3,M,surprised,7,strong,1,1,0.7,0.5359073359073359
03-01-08-02-01-02-03,Actor_03/03-01-08-02-01-02-03.wav,3,M,surprised,7,strong,1,2,0.8,0.6124655267512411
03-01-08-02-02-01-03,Actor_03/03-01-08-02-02-01-03.wav,3,M,surprised,7,strong,2,1,0.7,0.5359073359073359
03-01-08-02-02-02-03,Actor_03/03-01-08-02-02-02-03.wav,3,M,surprised,7,strong,2,2,0.7,0.5359073359073359
03-01-01-01-01-01-04,Actor_04/03-01-01-01-01-01-04.wav,4,F,neutral,0,normal,1,1,0.8,0.5505594257969179
03-01-01-01-01-02-04,Actor_04/03-01-01-01-01-02-04.wav,4,F,neutral,0,normal,1,2,1.0,0.6881992822461473
03-01-01-01-02-01-04,Actor_04/03-01-01-01-02-01-04.wav,4,F,neutral,0,normal,2,1,0.8,0.5505594257969179
03-01-01-01-02-02-04,Actor_04/03-01-01-01-02-02-04.wav,4,F,neutral,0,normal,2,2,0.9,0.6193793540215327
03-01-02-01-01-01-04,Actor_04/03-01-02-01-01-01-04.wav,4,F,calm,1,normal,1,1,0.5,0.3440996411230737
03-01-02-01-01-02-04,Actor_04/03-01-02-01-01-02-04.wav,4,F,calm,1,normal,1,2,0.1,0.06881992822461473
03-01-02-01-02-01-04,Actor_04/03-01-02-01-02-01-04.wav,4,F,calm,1,normal,2,1,0.2,0.13763985644922946
03-01-02-01-02-02-04,Actor_04/03-01-02-01-02-02-04.wav,4,F,calm,1,normal,2,2,0.3,0.2064597846738442
03-01-02-02-01-01-04,Actor_04/03-01-02-02-01-01-04.wav,4,F,calm,1,strong,1,1,0.4,0.27527971289845893
03-01-02-02-01-02-04,Actor_04/03-01-02-02-01-02-04.wav,4,F,calm,1,strong,1,2,0.5,0.3440996411230737
03-01-02-02-02-01-04,Actor_04/03-01-02-02-02-01-04.wav,4,F,calm,1,strong,2,1,0.3,0.2064597846738442
03-01-02-02-02-02-04,Actor_04/03-01-02-02-02-02-04.wav,4,F,calm,1,strong,2,2,0.3,0.2064597846738442
03-01-03-01-01-01-04,Actor_04/03-01-03-01-01-01-04.wav,4,F,happy,2,normal,1,1,0.3,0.2150572831423895
03-01-03-01-01-02-04,Actor_04/03-01-03-01-01-02-04.wav,4,F,happy,2,normal,1,2,0.8,0.5734860883797054
03-01-03-01-02-01-04,Actor_04/03-01-03-01-02-01-04.wav,4,F,happy,2,normal,2,1,0.5,0.35842880523731585
03-01-03-01-02-02-04,Actor_04/03-01-03-01-02-02-04.wav,4,F,happy,2,normal,2,2,0.6,0.430114566284779
03-01-03-02-01-01-04,Actor_04/03-01-03-02-01-01-04.wav,4,F,happy,2,strong,1,1,0.5,0.35842880523731585
03-01-03-02-01-02-04,Actor_04/03-01-03-02-01-02-04.wav,4,F,happy,2,strong,1,2,0.5,0.35842880523731585
03-01-03-02-02-01-04,Actor_04/03-01-03-02-02-01-04.wav,4,F,happy,2,strong,2,1,0.6,0.430114566284779
03-01-03-02-02-02-04,Actor_04/03-01-03-02-02-02-04.wav,4,F,happy,2,strong,2,2,0.5,0.35842880523731585
03-01-04-01-01-01-04,Actor_04/03-01-04-01-01-01-04.wav,4,F,sad,3,normal,1,1,0.3,0.2061764705882353
03-01-04-01-01-02-04,Actor_04/03-01-04-01-01-02-04.wav,4,F,sad,3,normal,1,2,0.2,0.13745098039215686
03-01-04-01-02-01-04,Actor_04/03-01-04-01-02-01-04.wav,4,F,sad,3,normal,2,1,0.5,0.34362745098039216
03-01-04-01-02-02-04,Actor_04/03-01-04-01-02-02-04.wav,4,F,sad,3,normal,2,2,0.3,0.2061764705882353
03-01-04-02-01-01-04,Actor_04/03-01-04-02-01-01-04.wav,4,F,sad,3,strong,1,1,0.6,0.4123529411764706
03-01-04-02-01-02-04,Actor_04/03-01-04-02-01-02-04.wav,4,F,sad,3,strong,1,2,0.4,0.2749019607843137
03-01-04-02-02-01-04,Actor_04/03-01-04-02-02-01-04.wav,4,F,sad,3,strong,2,1,0.3,0.2061764705882353
03-01-04-02-02-02-04,Actor_04/03-01-04-02-02-02-04.wav,4,F,sad,3,strong,2,2,0.1,0.06872549019607843
03-01-05-01-01-01-04,Actor_04/03-01-05-01-01-01-04.wav,4,F,angry,4,normal,1,1,0.4,0.3158462575859744
03-01-05-01-01-02-04,Actor_04/03-01-05-01-01-02-04.wav,4,F,angry,4,normal,1,2,0.6,0.4737693863789615
03-01-05-01-02-01-04,Actor_04/03-01-05-01-02-01-04.wav,4,F,angry,4,normal,2,1,0.8,0.6316925151719488
03-01-05-01-02-02-04,Actor_04/03-01-05-01-02-02-04.wav,4,F,angry,4,normal,2,2,0.4,0.3158462575859744
03-01-05-02-01-01-04,Actor_04/03-01-05-02-01-01-04.wav,4,F,angry,4,strong,1,1,1.0,0.7896156439649359
03-01-05-02-01-02-04,Actor_04/03-01-05-02-01-02-04.wav,4,F,angry,4,strong,1,2,1.0,0.7896156439649359
03-01-05-02-02-01-04,Actor_04/03-01-05-02-02-01-04.wav,4,F,angry,4,strong,2,1,0.9,0.7106540795684423
03-01-05-02-02-02-04,Actor_04/03-01-05-02-02-02-04.wav,4,F,angry,4,strong,2,2,0.9,0.7106540795684423
03-01-06-01-01-01-04,Actor_04/03-01-06-01-01-01-04.wav,4,F,fearful,5,normal,1,1,0.4,0.318140988088264
03-01-06-01-01-02-04,Actor_04/03-01-06-01-01-02-04.wav,4,F,fearful,5,normal,1,2,0.8,0.636281976176528
03-01-06-01-02-01-04,Actor_04/03-01-06-01-02-01-04.wav,4,F,fearful,5,normal,2,1,0.6,0.477211482132396
03-01-06-01-02-02-04,Actor_04/03-01-06-01-02-02-04.wav,4,F,fearful,5,normal,2,2,0.9,0.7158172231985941
03-01-06-02-01-01-04,Actor_04/03-01-06-02-01-01-04.wav,4,F,fearful,5,strong,1,1,0.8,0.636281976176528
03-01-06-02-01-02-04,Actor_04/03-01-06-02-01-02-04.wav,4,F,fearful,5,strong,1,2,0.6,0.477211482132396
03-01-06-02-02-01-04,Actor_04/03-01-06-02-02-01-04.wav,4,F,fearful,5,strong,2,1,0.4,0.318140988088264
03-01-06-02-02-02-04,Actor_04/03-01-06-02-02-02-04.wav,4,F,fearful,5,strong,2,2,0.8,0.636281976176528
03-01-07-01-01-01-04,Actor_04/03-01-07-01-01-01-04.wav,4,F,disgust,6,normal,1,1,0.7,0.5479742890533696
03-01-07-01-01-02-04,Actor_04/03-01-07-01-01-02-04.wav,4,F,disgust,6,normal,1,2,0.6,0.4696922477600311
03-01-07-01-02-01-04,Actor_04/03-01-07-01-02-01-04.wav,4,F,disgust,6,normal,2,1,0.5,0.3914102064666926
03-01-07-01-02-02-04,Actor_04/03-01-07-01-02-02-04.wav,4,F,disgust,6,normal,2,2,0.4,0.3131281651733541
03-01-07-02-01-01-04,Actor_04/03-01-07-02-01-01-04.wav,4,F,disgust,6,strong,1,1,0.7,0.5479742890533696
03-01-07-02-01-02-04,Actor_04/03-01-07-02-01-02-04.wav,4,F,disgust,6,strong,1,2,0.4,0.3131281651733541
03-01-07-02-02-01-04,Actor_04/03-01-07-02-02-01-04.wav,4,F,disgust,6,strong,2,1,0.5,0.3914102064666926
03-01-07-02-02-02-04,Actor_04/03-01-07-02-02-02-04.wav,4,F,disgust,6,strong,2,2,0.6,0.4696922477600311
03-01-08-01-01-01-04,Actor_04/03-01-08-01-01-01-04.wav,4,F,surprised,7,normal,1,1,0.3,0.22967457253171536
03-01-08-01-01-02-04,Actor_04/03-01-08-01-01-02-04.wav,4,F,surprised,7,normal,1,2,0.7,0.5359073359073359
03-01-08-01-02-01-04,Actor_04/03-01-08-01-02-01-04.wav,4,F,surprised,7,normal,2,1,0.6,0.4593491450634307
03-01-08-01-02-02-04,Actor_04/03-01-08-01-02-02-04.wav,4,F,surprised,7,normal,2,2,0.2,0.15311638168781028
03-01-08-02-01-01-04,Actor_04/03-01-08-02-01-01-04.wav,4,F,surprised,7,strong,1,1,0.9,0.6890237175951461
03-01-08-02-01-02-04,Actor_04/03-01-08-02-01-02-04.wav,4,F,surprised,7,strong,1,2,0.7,0.5359073359073359
03-01-08-02-02-01-04,Actor_04/03-01-08-02-02-01-04.wav,4,F,surprised,7,strong,2,1,0.7,0.5359073359073359
03-01-08-02-02-02-04,Actor_04/03-01-08-02-02-02-04.wav,4,F,surprised,7,strong,2,2,0.8,0.6124655267512411
03-01-01-01-01-01-05,Actor_05/03-01-01-01-01-01-05.wav,5,M,neutral,0,normal,1,1,1.0,0.6881992822461473
03-01-01-01-01-02-05,Actor_05/03-01-01-01-01-02-05.wav,5,M,neutral,0,normal,1,2,0.9,0.6193793540215327
03-01-01-01-02-01-05,Actor_05/03-01-01-01-02-01-05.wav,5,M,neutral,0,normal,2,1,1.0,0.6881992822461473
03-01-01-01-02-02-05,Actor_05/03-01-01-01-02-02-05.wav,5,M,neutral,0,normal,2,2,1.0,0.6881992822461473
03-01-02-01-01-01-05,Actor_05/03-01-02-01-01-01-05.wav,5,M,calm,1,normal,1,1,1.0,0.6881992822461473
03-01-02-01-01-02-05,Actor_05/03-01-02-01-01-02-05.wav,5,M,calm,1,normal,1,2,0.6,0.4129195693476884
03-01-02-01-02-01-05,Actor_05/03-01-02-01-02-01-05.wav,5,M,calm,1,normal,2,1,0.7,0.4817394975723031
03-01-02-01-02-02-05,Actor_05/03-01-02-01-02-02-05.wav,5,M,calm,1,normal,2,2,1.0,0.6881992822461473
03-01-02-02-01-01-05,Actor_05/03-01-02-02-01-01-05.wav,5,M,calm,1,strong,1,1,0.8,0.5505594257969179
03-01-02-02-01-02-05,Actor_05/03-01-02-02-01-02-05.wav,5,M,calm,1,strong,1,2,0.9,0.6193793540215327
03-01-02-02-02-01-05,Actor_05/03-01-02-02-02-01-05.wav,5,M,calm,1,strong,2,1,0.9,0.6193793540215327
03-01-02-02-02-02-05,Actor_05/03-01-02-02-02-02-05.wav,5,M,calm,1,strong,2,2,0.8,0.5505594257969179
03-01-03-01-01-01-05,Actor_05/03-01-03-01-01-01-05.wav,5,M,happy,2,normal,1,1,0.0,0.0
03-01-03-01-01-02-05,Actor_05/03-01-03-01-01-02-05.wav,5,M,happy,2,normal,1,2,0.4,0.2867430441898527
03-01-03-01-02-01-05,Actor_05/03-01-03-01-02-01-05.wav,5,M,happy,2,normal,2,1,0.0,0.0
03-01-03-01-02-02-05,Actor_05/03-01-03-01-02-02-05.wav,5,M,happy,2,normal,2,2,0.4,0.2867430441898527
03-01-03-02-01-01-05,Actor_05/03-01-03-02-01-01-05.wav,5,M,happy,2,strong,1,1,0.2,0.14337152209492635
03-01-03-02-01-02-05,Actor_05/03-01-03-02-01-02-05.wav,5,M,happy,2,strong,1,2,0.3,0.2150572831423895
03-01-03-02-02-01-05,Actor_05/03-01-03-02-02-01-05.wav,5,M,happy,2,strong,2,1,0.5,0.35842880523731585
03-01-03-02-02-02-05,Actor_05/03-01-03-02-02-02-05.wav,5,M,happy,2,strong,2,2,0.3,0.2150572831423895
03-01-04-01-01-01-05,Actor_05/03-01-04-01-01-01-05.wav,5,M,sad,3,normal,1,1,0.4,0.2749019607843137
03-01-04-01-01-02-05,Actor_05/03-01-04-01-01-02-05.wav,5,M,sad,3,normal,1,2,0.2,0.13745098039215686
03-01-04-01-02-01-05,Actor_05/03-01-04-01-02-01-05.wav,5,M,sad,3,normal,2,1,0.4,0.2749019607843137
03-01-04-01-02-02-05,Actor_05/03-01-04-01-02-02-05.wav,5,M,sad,3,normal,2,2,0.3,0.2061764705882353
03-01-04-02-01-01-05,Actor_05/03-01-04-02-01-01-05.wav,5,M,sad,3,strong,1,1,0.7,0.48107843137254896
03-01-04-02-01-02-05,Actor_05/03-01-04-02-01-02-05.wav,5,M,sad,3,strong,1,2,0.4,0.2749019607843137
03-01-04-02-02-01-05,Actor_05/03-01-04-02-02-01-05.wav,5,M,sad,3,strong,2,1,0.9,0.6185294117647059
03-01-04-02-02-02-05,Actor_05/03-01-04-02-02-02-05.wav,5,M,sad,3,strong,2,2,0.6,0.4123529411764706
03-01-05-01-01-01-05,Actor_05/03-01-05-01-01-01-05.wav,5,M,angry,4,normal,1,1,0.6,0.4737693863789615
03-01-05-01-01-02-05,Actor_05/03-01-05-01-01-02-05.wav,5,M,angry,4,normal,1,2,0.9,0.7106540795684423
03-01-05-01-02-01-05,Actor_05/03-01-05-01-02-01-05.wav,5,M,angry,4,normal,2,1,0.3,0.23688469318948074
03-01-05-01-02-02-05,Actor_05/03-01-05-01-02-02-05.wav,5,M,angry,4,normal,2,2,0.6,0.4737693863789615
03-01-05-02-01-01-05,Actor_05/03-01-05-02-01-01-05.wav,5,M,angry,4,strong,1,1,1.0,0.7896156439649359
03-01-05-02-01-02-05,Actor_05/03-01-05-02-01-02-05.wav,5,M,angry,4,strong,1,2,1.0,0.7896156439649359
03-01-05-02-02-01-05,Actor_05/03-01-05-02-02-01-05.wav,5,M,angry,4,strong,2,1,1.0,0.7896156439649359
03-01-05-02-02-02-05,Actor_05/03-01-05-02-02-02-05.wav,5,M,angry,4,strong,2,2,1.0,0.7896156439649359
03-01-06-01-01-01-05,Actor_05/03-01-06-01-01-01-05.wav,5,M,fearful,5,normal,1,1,0.3,0.238605741066198
03-01-06-01-01-02-05,Actor_05/03-01-06-01-01-02-05.wav,5,M,fearful,5,normal,1,2,0.4,0.318140988088264
03-01-06-01-02-01-05,Actor_05/03-01-06-01-02-01-05.wav,5,M,fearful,5,normal,2,1,0.1,0.079535247022066
03-01-06-01-02-02-05,Actor_05/03-01-06-01-02-02-05.wav,5,M,fearful,5,normal,2,2,0.7,0.556746729154462
03-01-06-02-01-01-05,Actor_05/03-01-06-02-01-01-05.wav,5,M,fearful,5,strong,1,1,0.6,0.477211482132396
03-01-06-02-01-02-05,Actor_05/03-01-06-02-01-02-05.wav,5,M,fearful,5,strong,1,2,0.9,0.7158172231985941
03-01-06-02-02-01-05,Actor_05/03-01-06-02-02-01-05.wav,5,M,fearful,5,strong,2,1,0.9,0.7158172231985941
03-01-06-02-02-02-05,Actor_05/03-01-06-02-02-02-05.wav,5,M,fearful,5,strong,2,2,0.9,0.7158172231985941
03-01-07-01-01-01-05,Actor_05/03-01-07-01-01-01-05.wav,5,M,disgust,6,normal,1,1,0.1,0.07828204129333853
03-01-07-01-01-02-05,Actor_05/03-01-07-01-01-02-05.wav,5,M,disgust,6,normal,1,2,0.2,0.15656408258667706
03-01-07-01-02-01-05,Actor_05/03-01-07-01-02-01-05.wav,5,M,disgust,6,normal,2,1,0.3,0.23484612388001555
03-01-07-01-02-02-05,Actor_05/03-01-07-01-02-02-05.wav,5,M,disgust,6,normal,2,2,0.3,0.23484612388001555
03-01-07-02-01-01-05,Actor_05/03-01-07-02-01-01-05.wav,5,M,disgust,6,strong,1,1,0.4,0.3131281651733541
03-01-07-02-01-02-05,Actor_05/03-01-07-02-01-02-05.wav,5,M,disgust,6,strong,1,2,0.4,0.3131281651733541
03-01-07-02-02-01-05,Actor_05/03-01-07-02-02-01-05.wav,5,M,disgust,6,strong,2,1,0.5,0.3914102064666926
03-01-07-02-02-02-05,Actor_05/03-01-07-02-02-02-05.wav,5,M,disgust,6,strong,2,2,0.6,0.4696922477600311
03-01-08-01-01-01-05,Actor_05/03-01-08-01-01-01-05.wav,5,M,surprised,7,normal,1,1,0.7,0.5359073359073359
03-01-08-01-01-02-05,Actor_05/03-01-08-01-01-02-05.wav,5,M,surprised,7,normal,1,2,0.6,0.4593491450634307
03-01-08-01-02-01-05,Actor_05/03-01-08-01-02-01-05.wav,5,M,surprised,7,normal,2,1,0.5,0.38279095421952564
03-01-08-01-02-02-05,Actor_05/03-01-08-01-02-02-05.wav,5,M,surprised,7,normal,2,2,0.8,0.6124655267512411
03-01-08-02-01-01-05,Actor_05/03-01-08-02-01-01-05.wav,5,M,surprised,7,strong,1,1,0.9,0.6890237175951461
03-01-08-02-01-02-05,Actor_05/03-01-08-02-01-02-05.wav,5,M,surprised,7,strong,1,2,0.5,0.38279095421952564
03-01-08-02-02-01-05,Actor_05/03-01-08-02-02-01-05.wav,5,M,surprised,7,strong,2,1,0.8,0.6124655267512411
03-01-08-02-02-02-05,Actor_05/03-01-08-02-02-02-05.wav,5,M,surprised,7,strong,2,2,0.6,0.4593491450634307
03-01-01-01-01-01-06,Actor_06/03-01-01-01-01-01-06.wav,6,F,neutral,0,normal,1,1,1.0,0.6881992822461473
03-01-01-01-01-02-06,Actor_06/03-01-01-01-01-02-06.wav,6,F,neutral,0,normal,1,2,0.8,0.5505594257969179
03-01-01-01-02-01-06,Actor_06/03-01-01-01-02-01-06.wav,6,F,neutral,0,normal,2,1,0.9,0.6193793540215327
03-01-01-01-02-02-06,Actor_06/03-01-01-01-02-02-06.wav,6,F,neutral,0,normal,2,2,1.0,0.6881992822461473
03-01-02-01-01-01-06,Actor_06/03-01-02-01-01-01-06.wav,6,F,calm,1,normal,1,1,1.0,0.6881992822461473
03-01-02-01-01-02-06,Actor_06/03-01-02-01-01-02-06.wav,6,F,calm,1,normal,1,2,0.6,0.4129195693476884
03-01-02-01-02-01-06,Actor_06/03-01-02-01-02-01-06.wav,6,F,calm,1,normal,2,1,0.7,0.4817394975723031
03-01-02-01-02-02-06,Actor_06/03-01-02-01-02-02-06.wav,6,F,calm,1,normal,2,2,0.7,0.4817394975723031
03-01-02-02-01-01-06,Actor_06/03-01-02-02-01-01-06.wav,6,F,calm,1,strong,1,1,0.7,0.4817394975723031
03-01-02-02-01-02-06,Actor_06/03-01-02-02-01-02-06.wav,6,F,calm,1,strong,1,2,0.9,0.6193793540215327
03-01-02-02-02-01-06,Actor_06/03-01-02-02-02-01-06.wav,6,F,calm,1,strong,2,1,0.7,0.4817394975723031
03-01-02-02-02-02-06,Actor_06/03-01-02-02-02-02-06.wav,6,F,calm,1,strong,2,2,0.9,0.6193793540215327
03-01-03-01-01-01-06,Actor_06/03-01-03-01-01-01-06.wav,6,F,happy,2,normal,1,1,0.6,0.430114566284779
03-01-03-01-01-02-06,Actor_06/03-01-03-01-01-02-06.wav,6,F,happy,2,normal,1,2,0.6,0.430114566284779
03-01-03-01-02-01-06,Actor_06/03-01-03-01-02-01-06.wav,6,F,happy,2,normal,2,1,0.4,0.2867430441898527
03-01-03-01-02-02-06,Actor_06/03-01-03-01-02-02-06.wav,6,F,happy,2,normal,2,2,0.3,0.2150572831423895
03-01-03-02-01-01-06,Actor_06/03-01-03-02-01-01-06.wav,6,F,happy,2,strong,1,1,0.9,0.6451718494271685
03-01-03-02-01-02-06,Actor_06/03-01-03-02-01-02-06.wav,6,F,happy,2,strong,1,2,0.6,0.430114566284779
03-01-03-02-02-01-06,Actor_06/03-01-03-02-02-01-06.wav,6,F,happy,2,strong,2,1,0.8,0.5734860883797054
03-01-03-02-02-02-06,Actor_06/03-01-03-02-02-02-06.wav,6,F,happy,2,strong,2,2,0.1,0.07168576104746317
03-01-04-01-01-01-06,Actor_06/03-01-04-01-01-01-06.wav,6,F,sad,3,normal,1,1,0.2,0.13745098039215686
03-01-04-01-01-02-06,Actor_06/03-01-04-01-01-02-06.wav,6,F,sad,3,normal,1,2,0.5,0.34362745098039216
03-01-04-01-02-01-06,Actor_06/03-01-04-01-02-01-06.wav,6,F,sad,3,normal,2,1,0.4,0.2749019607843137
03-01-04-01-02-02-06,Actor_06/03-01-04-01-02-02-06.wav,6,F,sad,3,normal,2,2,0.6,0.4123529411764706
03-01-04-02-01-01-06,Actor_06/03-01-04-02-01-01-06.wav,6,F,sad,3,strong,1,1,0.8,0.5498039215686275
03-01-04-02-01-02-06,Actor_06/03-01-04-02-01-02-06.wav,6,F,sad,3,strong,1,2,0.9,0.6185294117647059
03-01-04-02-02-01-06,Actor_06/03-01-04-02-02-01-06.wav,6,F,sad,3,strong,2,1,0.8,0.5498039215686275
03-01-04-02-02-02-06,Actor_06/03-01-04-02-02-02-06.wav,6,F,sad,3,strong,2,2,0.7,0.48107843137254896
03-01-05-01-01-01-06,Actor_06/03-01-05-01-01-01-06.wav,6,F,angry,4,normal,1,1,0.6,0.4737693863789615
03-01-05-01-01-02-06,Actor_06/03-01-05-01-01-02-06.wav,6,F,angry,4,normal,1,2,0.9,0.7106540795684423
03-01-05-01-02-01-06,Actor_06/03-01-05-01-02-01-06.wav,6,F,angry,4,normal,2,1,0.5,0.39480782198246794
03-01-05-01-02-02-06,Actor_06/03-01-05-01-02-02-06.wav,6,F,angry,4,normal,2,2,0.5,0.39480782198246794
03-01-05-02-01-01-06,Actor_06/03-01-05-02-01-01-06.wav,6,F,angry,4,strong,1,1,1.0,0.7896156439649359
03-01-05-02-01-02-06,Actor_06/03-01-05-02-01-02-06.wav,6,F,angry,4,strong,1,2,1.0,0.7896156439649359
03-01-05-02-02-01-06,Actor_06/03-01-05-02-02-01-06.wav,6,F,angry,4,strong,2,1,1.0,0.7896156439649359
03-01-05-02-02-02-06,Actor_06/03-01-05-02-02-02-06.wav,6,F,angry,4,strong,2,2,1.0,0.7896156439649359
03-01-06-01-01-01-06,Actor_06/03-01-06-01-01-01-06.wav,6,F,fearful,5,normal,1,1,0.7,0.556746729154462
03-01-06-01-01-02-06,Actor_06/03-01-06-01-01-02-06.wav,6,F,fearful,5,normal,1,2,0.3,0.238605741066198
03-01-06-01-02-01-06,Actor_06/03-01-06-01-02-01-06.wav,6,F,fearful,5,normal,2,1,0.7,0.556746729154462
03-01-06-01-02-02-06,Actor_06/03-01-06-01-02-02-06.wav,6,F,fearful,5,normal,2,2,0.5,0.39767623511033
03-01-06-02-01-01-06,Actor_06/03-01-06-02-01-01-06.wav,6,F,fearful,5,strong,1,1,0.8,0.636281976176528
03-01-06-02-01-02-06,Actor_06/03-01-06-02-01-02-06.wav,6,F,fearful,5,strong,1,2,0.9,0.7158172231985941
03-01-06-02-02-01-06,Actor_06/03-01-06-02-02-01-06.wav,6,F,fearful,5,strong,2,1,0.6,0.477211482132396
03-01-06-02-02-02-06,Actor_06/03-01-06-02-02-02-06.wav,6,F,fearful,5,strong,2,2,0.5,0.39767623511033
03-01-07-01-01-01-06,Actor_06/03-01-07-01-01-01-06.wav,6,F,disgust,6,normal,1,1,0.7,0.5479742890533696
03-01-07-01-01-02-06,Actor_06/03-01-07-01-01-02-06.wav,6,F,disgust,6,normal,1,2,0.9,0.7045383716400467
03-01-07-01-02-01-06,Actor_06/03-01-07-01-02-01-06.wav,6,F,disgust,6,normal,2,1,0.5,0.3914102064666926
03-01-07-01-02-02-06,Actor_06/03-01-07-01-02-02-06.wav,6,F,disgust,6,normal,2,2,0.6,0.4696922477600311
03-01-07-02-01-01-06,Actor_06/03-01-07-02-01-01-06.wav,6,F,disgust,6,strong,1,1,0.3,0.23484612388001555
03-01-07-02-01-02-06,Actor_06/03-01-07-02-01-02-06.wav,6,F,disgust,6,strong,1,2,0.3,0.23484612388001555
03-01-07-02-02-01-06,Actor_06/03-01-07-02-02-01-06.wav,6,F,disgust,6,strong,2,1,0.6,0.4696922477600311
03-01-07-02-02-02-06,Actor_06/03-01-07-02-02-02-06.wav,6,F,disgust,6,strong,2,2,0.8,0.6262563303467082
03-01-08-01-01-01-06,Actor_06/03-01-08-01-01-01-06.wav,6,F,surprised,7,normal,1,1,0.6,0.4593491450634307
03-01-08-01-01-02-06,Actor_06/03-01-08-01-01-02-06.wav,6,F,surprised,7,normal,1,2,0.4,0.30623276337562055
03-01-08-01-02-01-06,Actor_06/03-01-08-01-02-01-06.wav,6,F,surprised,7,normal,2,1,0.8,0.6124655267512411
03-01-08-01-02-02-06,Actor_06/03-01-08-01-02-02-06.wav,6,F,surprised,7,normal,2,2,0.7,0.5359073359073359
03-01-08-02-01-01-06,Actor_06/03-01-08-02-01-01-06.wav,6,F,surprised,7,strong,1,1,0.6,0.4593491450634307
03-01-08-02-01-02-06,Actor_06/03-01-08-02-01-02-06.wav,6,F,surprised,7,strong,1,2,0.8,0.6124655267512411
03-01-08-02-02-01-06,Actor_06/03-01-08-02-02-01-06.wav,6,F,surprised,7,strong,2,1,0.7,0.5359073359073359
03-01-08-02-02-02-06,Actor_06/03-01-08-02-02-02-06.wav,6,F,surprised,7,strong,2,2,0.9,0.6890237175951461
03-01-01-01-01-01-07,Actor_07/03-01-01-01-01-01-07.wav,7,M,neutral,0,normal,1,1,1.0,0.6881992822461473
03-01-01-01-01-02-07,Actor_07/03-01-01-01-01-02-07.wav,7,M,neutral,0,normal,1,2,0.8,0.5505594257969179
03-01-01-01-02-01-07,Actor_07/03-01-01-01-02-01-07.wav,7,M,neutral,0,normal,2,1,1.0,0.6881992822461473
03-01-01-01-02-02-07,Actor_07/03-01-01-01-02-02-07.wav,7,M,neutral,0,normal,2,2,0.8,0.5505594257969179
03-01-02-01-01-01-07,Actor_07/03-01-02-01-01-01-07.wav,7,M,calm,1,normal,1,1,0.9,0.6193793540215327
03-01-02-01-01-02-07,Actor_07/03-01-02-01-01-02-07.wav,7,M,calm,1,normal,1,2,0.8,0.5505594257969179
03-01-02-01-02-01-07,Actor_07/03-01-02-01-02-01-07.wav,7,M,calm,1,normal,2,1,0.9,0.6193793540215327
03-01-02-01-02-02-07,Actor_07/03-01-02-01-02-02-07.wav,7,M,calm,1,normal,2,2,0.9,0.6193793540215327
03-01-02-02-01-01-07,Actor_07/03-01-02-02-01-01-07.wav,7,M,calm,1,strong,1,1,0.5,0.3440996411230737
03-01-02-02-01-02-07,Actor_07/03-01-02-02-01-02-07.wav,7,M,calm,1,strong,1,2,0.9,0.6193793540215327
03-01-02-02-02-01-07,Actor_07/03-01-02-02-02-01-07.wav,7,M,calm,1,strong,2,1,0.7,0.4817394975723031
03-01-02-02-02-02-07,Actor_07/03-01-02-02-02-02-07.wav,7,M,calm,1,strong,2,2,0.9,0.6193793540215327
03-01-03-01-01-01-07,Actor_07/03-01-03-01-01-01-07.wav,7,M,happy,2,normal,1,1,0.0,0.0
03-01-03-01-01-02-07,Actor_07/03-01-03-01-01-02-07.wav,7,M,happy,2,normal,1,2,0.7,0.5018003273322421
03-01-03-01-02-01-07,Actor_07/03-01-03-01-02-01-07.wav,7,M,happy,2,normal,2,1,0.7,0.5018003273322421
03-01-03-01-02-02-07,Actor_07/03-01-03-01-02-02-07.wav,7,M,happy,2,normal,2,2,0.2,0.14337152209492635
03-01-03-02-01-01-07,Actor_07/03-01-03-02-01-01-07.wav,7,M,happy,2,strong,1,1,0.5,0.35842880523731585
03-01-03-02-01-02-07,Actor_07/03-01-03-02-01-02-07.wav,7,M,happy,2,strong,1,2,0.1,0.07168576104746317
03-01-03-02-02-01-07,Actor_07/03-01-03-02-02-01-07.wav,7,M,happy,2,strong,2,1,0.1,0.07168576104746317
03-01-03-02-02-02-07,Actor_07/03-01-03-02-02-02-07.wav,7,M,happy,2,strong,2,2,0.4,0.2867430441898527
03-01-04-01-01-01-07,Actor_07/03-01-04-01-01-01-07.wav,7,M,sad,3,normal,1,1,0.2,0.13745098039215686
03-01-04-01-01-02-07,Actor_07/03-01-04-01-01-02-07.wav,7,M,sad,3,normal,1,2,0.5,0.34362745098039216
03-01-04-01-02-01-07,Actor_07/03-01-04-01-02-01-07.wav,7,M,sad,3,normal,2,1,0.2,0.13745098039215686
03-01-04-01-02-02-07,Actor_07/03-01-04-01-02-02-07.wav,7,M,sad,3,normal,2,2,0.1,0.06872549019607843
03-01-04-02-01-01-07,Actor_07/03-01-04-02-01-01-07.wav,7,M,sad,3,strong,1,1,1.0,0.6872549019607843
03-01-04-02-01-02-07,Actor_07/03-01-04-02-01-02-07.wav,7,M,sad,3,strong,1,2,0.9,0.6185294117647059
03-01-04-02-02-01-07,Actor_07/03-01-04-02-02-01-07.wav,7,M,sad,3,strong,2,1,0.7,0.48107843137254896
03-01-04-02-02-02-07,Actor_07/03-01-04-02-02-02-07.wav,7,M,sad,3,strong,2,2,0.6,0.4123529411764706
03-01-05-01-01-01-07,Actor_07/03-01-05-01-01-01-07.wav,7,M,angry,4,normal,1,1,0.8,0.6316925151719488
03-01-05-01-01-02-07,Actor_07/03-01-05-01-01-02-07.wav,7,M,angry,4,normal,1,2,0.9,0.7106540795684423
03-01-05-01-02-01-07,Actor_07/03-01-05-01-02-01-07.wav,7,M,angry,4,normal,2,1,0.9,0.7106540795684423
03-01-05-01-02-02-07,Actor_07/03-01-05-01-02-02-07.wav,7,M,angry,4,normal,2,2,0.9,0.7106540795684423
03-01-05-02-01-01-07,Actor_07/03-01-05-02-01-01-07.wav,7,M,angry,4,strong,1,1,1.0,0.7896156439649359
03-01-05-02-01-02-07,Actor_07/03-01-05-02-01-02-07.wav,7,M,angry,4,strong,1,2,1.0,0.7896156439649359
03-01-05-02-02-01-07,Actor_07/03-01-05-02-02-01-07.wav,7,M,angry,4,strong,2,1,1.0,0.7896156439649359
03-01-05-02-02-02-07,Actor_07/03-01-05-02-02-02-07.wav,7,M,angry,4,strong,2,2,1.0,0.7896156439649359
03-01-06-01-01-01-07,Actor_07/03-01-06-01-01-01-07.wav,7,M,fearful,5,normal,1,1,0.7,0.556746729154462
03-01-06-01-01-02-07,Actor_07/03-01-06-01-01-02-07.wav,7,M,fearful,5,normal,1,2,0.7,0.556746729154462
03-01-06-01-02-01-07,Actor_07/03-01-06-01-02-01-07.wav,7,M,fearful,5,normal,2,1,0.8,0.636281976176528
03-01-06-01-02-02-07,Actor_07/03-01-06-01-02-02-07.wav,7,M,fearful,5,normal,2,2,0.8,0.636281976176528
03-01-06-02-01-01-07,Actor_07/03-01-06-02-01-01-07.wav,7,M,fearful,5,strong,1,1,0.9,0.7158172231985941
03-01-06-02-01-02-07,Actor_07/03-01-06-02-01-02-07.wav,7,M,fearful,5,strong,1,2,0.7,0.556746729154462
03-01-06-02-02-01-07,Actor_07/03-01-06-02-02-01-07.wav,7,M,fearful,5,strong,2,1,0.7,0.556746729154462
03-01-06-02-02-02-07,Actor_07/03-01-06-02-02-02-07.wav,7,M,fearful,5,strong,2,2,0.6,0.477211482132396
03-01-07-01-01-01-07,Actor_07/03-01-07-01-01-01-07.wav,7,M,disgust,6,normal,1,1,0.8,0.6262563303467082
03-01-07-01-01-02-07,Actor_07/03-01-07-01-01-02-07.wav,7,M,disgust,6,normal,1,2,0.7,0.5479742890533696
03-01-07-01-02-01-07,Actor_07/03-01-07-01-02-01-07.wav,7,M,disgust,6,normal,2,1,0.5,0.3914102064666926
03-01-07-01-02-02-07,Actor_07/03-01-07-01-02-02-07.wav,7,M,disgust,6,normal,2,2,0.5,0.3914102064666926
03-01-07-02-01-01-07,Actor_07/03-01-07-02-01-01-07.wav,7,M,disgust,6,strong,1,1,0.5,0.3914102064666926
03-01-07-02-01-02-07,Actor_07/03-01-07-02-01-02-07.wav,7,M,disgust,6,strong,1,2,0.2,0.15656408258667706
03-01-07-02-02-01-07,Actor_07/03-01-07-02-02-01-07.wav,7,M,disgust,6,strong,2,1,0.6,0.4696922477600311
03-01-07-02-02-02-07,Actor_07/03-01-07-02-02-02-07.wav,7,M,disgust,6,strong,2,2,0.4,0.3131281651733541
03-01-08-01-01-01-07,Actor_07/03-01-08-01-01-01-07.wav,7,M,surprised,7,normal,1,1,0.8,0.6124655267512411
03-01-08-01-01-02-07,Actor_07/03-01-08-01-01-02-07.wav,7,M,surprised,7,normal,1,2,0.5,0.38279095421952564
03-01-08-01-02-01-07,Actor_07/03-01-08-01-02-01-07.wav,7,M,surprised,7,normal,2,1,0.7,0.5359073359073359
03-01-08-01-02-02-07,Actor_07/03-01-08-01-02-02-07.wav,7,M,surprised,7,normal,2,2,0.3,0.22967457253171536
03-01-08-02-01-01-07,Actor_07/03-01-08-02-01-01-07.wav,7,M,surprised,7,strong,1,1,1.0,0.7655819084390513
03-01-08-02-01-02-07,Actor_07/03-01-08-02-01-02-07.wav,7,M,surprised,7,strong,1,2,1.0,0.7655819084390513
03-01-08-02-02-01-07,Actor_07/03-01-08-02-02-01-07.wav,7,M,surprised,7,strong,2,1,0.8,0.6124655267512411
03-01-08-02-02-02-07,Actor_07/03-01-08-02-02-02-07.wav,7,M,surprised,7,strong,2,2,0.6,0.4593491450634307
03-01-01-01-01-01-08,Actor_08/03-01-01-01-01-01-08.wav,8,F,neutral,0,normal,1,1,0.8,0.5505594257969179
03-01-01-01-01-02-08,Actor_08/03-01-01-01-01-02-08.wav,8,F,neutral,0,normal,1,2,1.0,0.6881992822461473
03-01-01-01-02-01-08,Actor_08/03-01-01-01-02-01-08.wav,8,F,neutral,0,normal,2,1,0.9,0.6193793540215327
03-01-01-01-02-02-08,Actor_08/03-01-01-01-02-02-08.wav,8,F,neutral,0,normal,2,2,0.9,0.6193793540215327
03-01-02-01-01-01-08,Actor_08/03-01-02-01-01-01-08.wav,8,F,calm,1,normal,1,1,0.8,0.5505594257969179
03-01-02-01-01-02-08,Actor_08/03-01-02-01-01-02-08.wav,8,F,calm,1,normal,1,2,1.0,0.6881992822461473
03-01-02-01-02-01-08,Actor_08/03-01-02-01-02-01-08.wav,8,F,calm,1,normal,2,1,1.0,0.6881992822461473
03-01-02-01-02-02-08,Actor_08/03-01-02-01-02-02-08.wav,8,F,calm,1,normal,2,2,0.7,0.4817394975723031
03-01-02-02-01-01-08,Actor_08/03-01-02-02-01-01-08.wav,8,F,calm,1,strong,1,1,0.9,0.6193793540215327
03-01-02-02-01-02-08,Actor_08/03-01-02-02-01-02-08.wav,8,F,calm,1,strong,1,2,0.9,0.6193793540215327
03-01-02-02-02-01-08,Actor_08/03-01-02-02-02-01-08.wav,8,F,calm,1,strong,2,1,0.7,0.4817394975723031
03-01-02-02-02-02-08,Actor_08/03-01-02-02-02-02-08.wav,8,F,calm,1,strong,2,2,0.6,0.4129195693476884
03-01-03-01-01-01-08,Actor_08/03-01-03-01-01-01-08.wav,8,F,happy,2,normal,1,1,0.6,0.430114566284779
03-01-03-01-01-02-08,Actor_08/03-01-03-01-01-02-08.wav,8,F,happy,2,normal,1,2,0.8,0.5734860883797054
03-01-03-01-02-01-08,Actor_08/03-01-03-01-02-01-08.wav,8,F,happy,2,normal,2,1,0.6,0.430114566284779
03-01-03-01-02-02-08,Actor_08/03-01-03-01-02-02-08.wav,8,F,happy,2,normal,2,2,0.8,0.5734860883797054
03-01-03-02-01-01-08,Actor_08/03-01-03-02-01-01-08.wav,8,F,happy,2,strong,1,1,0.8,0.5734860883797054
03-01-03-02-01-02-08,Actor_08/03-01-03-02-01-02-08.wav,8,F,happy,2,strong,1,2,1.0,0.7168576104746317
03-01-03-02-02-01-08,Actor_08/03-01-03-02-02-01-08.wav,8,F,happy,2,strong,2,1,0.7,0.5018003273322421
03-01-03-02-02-02-08,Actor_08/03-01-03-02-02-02-08.wav,8,F,happy,2,strong,2,2,0.4,0.2867430441898527
03-01-04-01-01-01-08,Actor_08/03-01-04-01-01-01-08.wav,8,F,sad,3,normal,1,1,0.1,0.06872549019607843
03-01-04-01-01-02-08,Actor_08/03-01-04-01-01-02-08.wav,8,F,sad,3,normal,1,2,0.3,0.2061764705882353
03-01-04-01-02-01-08,Actor_08/03-01-04-01-02-01-08.wav,8,F,sad,3,normal,2,1,0.5,0.34362745098039216
03-01-04-01-02-02-08,Actor_08/03-01-04-01-02-02-08.wav,8,F,sad,3,normal,2,2,0.6,0.4123529411764706
03-01-04-02-01-01-08,Actor_08/03-01-04-02-01-01-08.wav,8,F,sad,3,strong,1,1,0.7,0.48107843137254896
03-01-04-02-01-02-08,Actor_08/03-01-04-02-01-02-08.wav,8,F,sad,3,strong,1,2,0.9,0.6185294117647059
03-01-04-02-02-01-08,Actor_08/03-01-04-02-02-01-08.wav,8,F,sad,3,strong,2,1,0.9,0.6185294117647059
03-01-04-02-02-02-08,Actor_08/03-01-04-02-02-02-08.wav,8,F,sad,3,strong,2,2,0.9,0.6185294117647059
03-01-05-01-01-01-08,Actor_08/03-01-05-01-01-01-08.wav,8,F,angry,4,normal,1,1,0.8,0.6316925151719488
03-01-05-01-01-02-08,Actor_08/03-01-05-01-01-02-08.wav,8,F,angry,4,normal,1,2,0.5,0.39480782198246794
03-01-05-01-02-01-08,Actor_08/03-01-05-01-02-01-08.wav,8,F,angry,4,normal,2,1,0.8,0.6316925151719488
03-01-05-01-02-02-08,Actor_08/03-01-05-01-02-02-08.wav,8,F,angry,4,normal,2,2,0.7,0.5527309507754551
03-01-05-02-01-01-08,Actor_08/03-01-05-02-01-01-08.wav,8,F,angry,4,strong,1,1,0.7,0.5527309507754551
03-01-05-02-01-02-08,Actor_08/03-01-05-02-01-02-08.wav,8,F,angry,4,strong,1,2,1.0,0.7896156439649359
03-01-05-02-02-01-08,Actor_08/03-01-05-02-02-01-08.wav,8,F,angry,4,strong,2,1,0.9,0.7106540795684423
03-01-05-02-02-02-08,Actor_08/03-01-05-02-02-02-08.wav,8,F,angry,4,strong,2,2,0.6,0.4737693863789615
03-01-06-01-01-01-08,Actor_08/03-01-06-01-01-01-08.wav,8,F,fearful,5,normal,1,1,0.8,0.636281976176528
03-01-06-01-01-02-08,Actor_08/03-01-06-01-01-02-08.wav,8,F,fearful,5,normal,1,2,0.7,0.556746729154462
03-01-06-01-02-01-08,Actor_08/03-01-06-01-02-01-08.wav,8,F,fearful,5,normal,2,1,0.6,0.477211482132396
03-01-06-01-02-02-08,Actor_08/03-01-06-01-02-02-08.wav,8,F,fearful,5,normal,2,2,0.6,0.477211482132396
03-01-06-02-01-01-08,Actor_08/03-01-06-02-01-01-08.wav,8,F,fearful,5,strong,1,1,0.8,0.636281976176528
03-01-06-02-01-02-08,Actor_08/03-01-06-02-01-02-08.wav,8,F,fearful,5,strong,1,2,0.9,0.7158172231985941
03-01-06-02-02-01-08,Actor_08/03-01-06-02-02-01-08.wav,8,F,fearful,5,strong,2,1,1.0,0.79535247022066
03-01-06-02-02-02-08,Actor_08/03-01-06-02-02-02-08.wav,8,F,fearful,5,strong,2,2,0.9,0.7158172231985941
03-01-07-01-01-01-08,Actor_08/03-01-07-01-01-01-08.wav,8,F,disgust,6,normal,1,1,0.5,0.3914102064666926
03-01-07-01-01-02-08,Actor_08/03-01-07-01-01-02-08.wav,8,F,disgust,6,normal,1,2,1.0,0.7828204129333852
03-01-07-01-02-01-08,Actor_08/03-01-07-01-02-01-08.wav,8,F,disgust,6,normal,2,1,0.8,0.6262563303467082
03-01-07-01-02-02-08,Actor_08/03-01-07-01-02-02-08.wav,8,F,disgust,6,normal,2,2,0.7,0.5479742890533696
03-01-07-02-01-01-08,Actor_08/03-01-07-02-01-01-08.wav,8,F,disgust,6,strong,1,1,0.8,0.6262563303467082
03-01-07-02-01-02-08,Actor_08/03-01-07-02-01-02-08.wav,8,F,disgust,6,strong,1,2,0.7,0.5479742890533696
03-01-07-02-02-01-08,Actor_08/03-01-07-02-02-01-08.wav,8,F,disgust,6,strong,2,1,0.3,0.23484612388001555
03-01-07-02-02-02-08,Actor_08/03-01-07-02-02-02-08.wav,8,F,disgust,6,strong,2,2,0.7,0.5479742890533696
03-01-08-01-01-01-08,Actor_08/03-01-08-01-01-01-08.wav,8,F,surprised,7,normal,1,1,0.7,0.5359073359073359
03-01-08-01-01-02-08,Actor_08/03-01-08-01-01-02-08.wav,8,F,surprised,7,normal,1,2,0.7,0.5359073359073359
03-01-08-01-02-01-08,Actor_08/03-01-08-01-02-01-08.wav,8,F,surprised,7,normal,2,1,0.8,0.6124655267512411
03-01-08-01-02-02-08,Actor_08/03-01-08-01-02-02-08.wav,8,F,surprised,7,normal,2,2,0.9,0.6890237175951461
03-01-08-02-01-01-08,Actor_08/03-01-08-02-01-01-08.wav,8,F,surprised,7,strong,1,1,0.8,0.6124655267512411
03-01-08-02-01-02-08,Actor_08/03-01-08-02-01-02-08.wav,8,F,surprised,7,strong,1,2,0.9,0.6890237175951461
03-01-08-02-02-01-08,Actor_08/03-01-08-02-02-01-08.wav,8,F,surprised,7,strong,2,1,0.8,0.6124655267512411
03-01-08-02-02-02-08,Actor_08/03-01-08-02-02-02-08.wav,8,F,surprised,7,strong,2,2,0.9,0.6890237175951461
03-01-01-01-01-01-09,Actor_09/03-01-01-01-01-01-09.wav,9,M,neutral,0,normal,1,1,0.8,0.5505594257969179
03-01-01-01-01-02-09,Actor_09/03-01-01-01-01-02-09.wav,9,M,neutral,0,normal,1,2,0.7,0.4817394975723031
03-01-01-01-02-01-09,Actor_09/03-01-01-01-02-01-09.wav,9,M,neutral,0,normal,2,1,0.8,0.5505594257969179
03-01-01-01-02-02-09,Actor_09/03-01-01-01-02-02-09.wav,9,M,neutral,0,normal,2,2,0.9,0.6193793540215327
03-01-02-01-01-01-09,Actor_09/03-01-02-01-01-01-09.wav,9,M,calm,1,normal,1,1,0.6,0.4129195693476884
03-01-02-01-01-02-09,Actor_09/03-01-02-01-01-02-09.wav,9,M,calm,1,normal,1,2,0.5,0.3440996411230737
03-01-02-01-02-01-09,Actor_09/03-01-02-01-02-01-09.wav,9,M,calm,1,normal,2,1,0.6,0.4129195693476884
03-01-02-01-02-02-09,Actor_09/03-01-02-01-02-02-09.wav,9,M,calm,1,normal,2,2,0.6,0.4129195693476884
03-01-02-02-01-01-09,Actor_09/03-01-02-02-01-01-09.wav,9,M,calm,1,strong,1,1,0.7,0.4817394975723031
03-01-02-02-01-02-09,Actor_09/03-01-02-02-01-02-09.wav,9,M,calm,1,strong,1,2,0.5,0.3440996411230737
03-01-02-02-02-01-09,Actor_09/03-01-02-02-02-01-09.wav,9,M,calm,1,strong,2,1,0.8,0.5505594257969179
03-01-02-02-02-02-09,Actor_09/03-01-02-02-02-02-09.wav,9,M,calm,1,strong,2,2,0.5,0.3440996411230737
03-01-03-01-01-01-09,Actor_09/03-01-03-01-01-01-09.wav,9,M,happy,2,normal,1,1,0.7,0.5018003273322421
03-01-03-01-01-02-09,Actor_09/03-01-03-01-01-02-09.wav,9,M,happy,2,normal,1,2,0.1,0.07168576104746317
03-01-03-01-02-01-09,Actor_09/03-01-03-01-02-01-09.wav,9,M,happy,2,normal,2,1,0.0,0.0
03-01-03-01-02-02-09,Actor_09/03-01-03-01-02-02-09.wav,9,M,happy,2,normal,2,2,0.0,0.0
03-01-03-02-01-01-09,Actor_09/03-01-03-02-01-01-09.wav,9,M,happy,2,strong,1,1,0.6,0.430114566284779
03-01-03-02-01-02-09,Actor_09/03-01-03-02-01-02-09.wav,9,M,happy,2,strong,1,2,0.5,0.35842880523731585
03-01-03-02-02-01-09,Actor_09/03-01-03-02-02-01-09.wav,9,M,happy,2,strong,2,1,0.1,0.07168576104746317
03-01-03-02-02-02-09,Actor_09/03-01-03-02-02-02-09.wav,9,M,happy,2,strong,2,2,0.6,0.430114566284779
03-01-04-01-01-01-09,Actor_09/03-01-04-01-01-01-09.wav,9,M,sad,3,normal,1,1,0.0,0.0
03-01-04-01-01-02-09,Actor_09/03-01-04-01-01-02-09.wav,9,M,sad,3,normal,1,2,0.5,0.34362745098039216
03-01-04-01-02-01-09,Actor_09/03-01-04-01-02-01-09.wav,9,M,sad,3,normal,2,1,0.7,0.48107843137254896
03-01-04-01-02-02-09,Actor_09/03-01-04-01-02-02-09.wav,9,M,sad,3,normal,2,2,0.7,0.48107843137254896
03-01-04-02-01-01-09,Actor_09/03-01-04-02-01-01-09.wav,9,M,sad,3,strong,1,1,0.8,0.5498039215686275
03-01-04-02-01-02-09,Actor_09/03-01-04-02-01-02-09.wav,9,M,sad,3,strong,1,2,1.0,0.6872549019607843
03-01-04-02-02-01-09,Actor_09/03-01-04-02-02-01-09.wav,9,M,sad,3,strong,2,1,0.7,0.48107843137254896
03-01-04-02-02-02-09,Actor_09/03-01-04-02-02-02-09.wav,9,M,sad,3,strong,2,2,0.9,0.6185294117647059
03-01-05-01-01-01-09,Actor_09/03-01-05-01-01-01-09.wav,9,M,angry,4,normal,1,1,0.8,0.6316925151719488
03-01-05-01-01-02-09,Actor_09/03-01-05-01-01-02-09.wav,9,M,angry,4,normal,1,2,0.8,0.6316925151719488
03-01-05-01-02-01-09,Actor_09/03-01-05-01-02-01-09.wav,9,M,angry,4,normal,2,1,0.6,0.4737693863789615
03-01-05-01-02-02-09,Actor_09/03-01-05-01-02-02-09.wav,9,M,angry,4,normal,2,2,1.0,0.7896156439649359
03-01-05-02-01-01-09,Actor_09/03-01-05-02-01-01-09.wav,9,M,angry,4,strong,1,1,1.0,0.7896156439649359
03-01-05-02-01-02-09,Actor_09/03-01-05-02-01-02-09.wav,9,M,angry,4,strong,1,2,1.0,0.7896156439649359
03-01-05-02-02-01-09,Actor_09/03-01-05-02-02-01-09.wav,9,M,angry,4,strong,2,1,1.0,0.7896156439649359
03-01-05-02-02-02-09,Actor_09/03-01-05-02-02-02-09.wav,9,M,angry,4,strong,2,2,1.0,0.7896156439649359
03-01-06-01-01-01-09,Actor_09/03-01-06-01-01-01-09.wav,9,M,fearful,5,normal,1,1,0.5,0.39767623511033
03-01-06-01-01-02-09,Actor_09/03-01-06-01-01-02-09.wav,9,M,fearful,5,normal,1,2,0.4,0.318140988088264
03-01-06-01-02-01-09,Actor_09/03-01-06-01-02-01-09.wav,9,M,fearful,5,normal,2,1,0.4,0.318140988088264
03-01-06-01-02-02-09,Actor_09/03-01-06-01-02-02-09.wav,9,M,fearful,5,normal,2,2,0.5,0.39767623511033
03-01-06-02-01-01-09,Actor_09/03-01-06-02-01-01-09.wav,9,M,fearful,5,strong,1,1,0.8,0.636281976176528
03-01-06-02-01-02-09,Actor_09/03-01-06-02-01-02-09.wav,9,M,fearful,5,strong,1,2,0.8,0.636281976176528
03-01-06-02-02-01-09,Actor_09/03-01-06-02-02-01-09.wav,9,M,fearful,5,strong,2,1,0.5,0.39767623511033
03-01-06-02-02-02-09,Actor_09/03-01-06-02-02-02-09.wav,9,M,fearful,5,strong,2,2,0.7,0.556746729154462
03-01-07-01-01-01-09,Actor_09/03-01-07-01-01-01-09.wav,9,M,disgust,6,normal,1,1,0.4,0.3131281651733541
03-01-07-01-01-02-09,Actor_09/03-01-07-01-01-02-09.wav,9,M,disgust,6,normal,1,2,0.8,0.6262563303467082
03-01-07-01-02-01-09,Actor_09/03-01-07-01-02-01-09.wav,9,M,disgust,6,normal,2,1,0.1,0.07828204129333853
03-01-07-01-02-02-09,Actor_09/03-01-07-01-02-02-09.wav,9,M,disgust,6,normal,2,2,0.4,0.3131281651733541
03-01-07-02-01-01-09,Actor_09/03-01-07-02-01-01-09.wav,9,M,disgust,6,strong,1,1,0.5,0.3914102064666926
03-01-07-02-01-02-09,Actor_09/03-01-07-02-01-02-09.wav,9,M,disgust,6,strong,1,2,0.4,0.3131281651733541
03-01-07-02-02-01-09,Actor_09/03-01-07-02-02-01-09.wav,9,M,disgust,6,strong,2,1,0.8,0.6262563303467082
03-01-07-02-02-02-09,Actor_09/03-01-07-02-02-02-09.wav,9,M,disgust,6,strong,2,2,0.4,0.3131281651733541
03-01-08-01-01-01-09,Actor_09/03-01-08-01-01-01-09.wav,9,M,surprised,7,normal,1,1,0.1,0.07655819084390514
03-01-08-01-01-02-09,Actor_09/03-01-08-01-01-02-09.wav,9,M,surprised,7,normal,1,2,0.5,0.38279095421952564
03-01-08-01-02-01-09,Actor_09/03-01-08-01-02-01-09.wav,9,M,surprised,7,normal,2,1,0.3,0.22967457253171536
03-01-08-01-02-02-09,Actor_09/03-01-08-01-02-02-09.wav,9,M,surprised,7,normal,2,2,0.2,0.15311638168781028
03-01-08-02-01-01-09,Actor_09/03-01-08-02-01-01-09.wav,9,M,surprised,7,strong,1,1,0.6,0.4593491450634307
03-01-08-02-01-02-09,Actor_09/03-01-08-02-01-02-09.wav,9,M,surprised,7,strong,1,2,0.4,0.30623276337562055
03-01-08-02-02-01-09,Actor_09/03-01-08-02-02-01-09.wav,9,M,surprised,7,strong,2,1,0.9,0.6890237175951461
03-01-08-02-02-02-09,Actor_09/03-01-08-02-02-02-09.wav,9,M,surprised,7,strong,2,2,0.8,0.6124655267512411
03-01-01-01-01-01-10,Actor_10/03-01-01-01-01-01-10.wav,10,F,neutral,0,normal,1,1,0.6,0.4129195693476884
03-01-01-01-01-02-10,Actor_10/03-01-01-01-01-02-10.wav,10,F,neutral,0,normal,1,2,0.8,0.5505594257969179
03-01-01-01-02-01-10,Actor_10/03-01-01-01-02-01-10.wav,10,F,neutral,0,normal,2,1,0.8,0.5505594257969179
03-01-01-01-02-02-10,Actor_10/03-01-01-01-02-02-10.wav,10,F,neutral,0,normal,2,2,0.8,0.5505594257969179
03-01-02-01-01-01-10,Actor_10/03-01-02-01-01-01-10.wav,10,F,calm,1,normal,1,1,0.8,0.5505594257969179
03-01-02-01-01-02-10,Actor_10/03-01-02-01-01-02-10.wav,10,F,calm,1,normal,1,2,0.7,0.4817394975723031
03-01-02-01-02-01-10,Actor_10/03-01-02-01-02-01-10.wav,10,F,calm,1,normal,2,1,0.6,0.4129195693476884
03-01-02-01-02-02-10,Actor_10/03-01-02-01-02-02-10.wav,10,F,calm,1,normal,2,2,0.8,0.5505594257969179
03-01-02-02-01-01-10,Actor_10/03-01-02-02-01-01-10.wav,10,F,calm,1,strong,1,1,0.4,0.27527971289845893
03-01-02-02-01-02-10,Actor_10/03-01-02-02-01-02-10.wav,10,F,calm,1,strong,1,2,0.5,0.3440996411230737
03-01-02-02-02-01-10,Actor_10/03-01-02-02-02-01-10.wav,10,F,calm,1,strong,2,1,0.8,0.5505594257969179
03-01-02-02-02-02-10,Actor_10/03-01-02-02-02-02-10.wav,10,F,calm,1,strong,2,2,0.7,0.4817394975723031
03-01-03-01-01-01-10,Actor_10/03-01-03-01-01-01-10.wav,10,F,happy,2,normal,1,1,0.3,0.2150572831423895
03-01-03-01-01-02-10,Actor_10/03-01-03-01-01-02-10.wav,10,F,happy,2,normal,1,2,0.0,0.0
03-01-03-01-02-01-10,Actor_10/03-01-03-01-02-01-10.wav,10,F,happy,2,normal,2,1,0.2,0.14337152209492635
03-01-03-01-02-02-10,Actor_10/03-01-03-01-02-02-10.wav,10,F,happy,2,normal,2,2,0.6,0.430114566284779
03-01-03-02-01-01-10,Actor_10/03-01-03-02-01-01-10.wav,10,F,happy,2,strong,1,1,0.1,0.07168576104746317
03-01-03-02-01-02-10,Actor_10/03-01-03-02-01-02-10.wav,10,F,happy,2,strong,1,2,0.0,0.0
03-01-03-02-02-01-10,Actor_10/03-01-03-02-02-01-10.wav,10,F,happy,2,strong,2,1,0.0,0.0
03-01-03-02-02-02-10,Actor_10/03-01-03-02-02-02-10.wav,10,F,happy,2,strong,2,2,0.3,0.2150572831423895
03-01-04-01-01-01-10,Actor_10/03-01-04-01-01-01-10.wav,10,F,sad,3,normal,1,1,0.2,0.13745098039215686
03-01-04-01-01-02-10,Actor_10/03-01-04-01-01-02-10.wav,10,F,sad,3,normal,1,2,0.5,0.34362745098039216
03-01-04-01-02-01-10,Actor_10/03-01-04-01-02-01-10.wav,10,F,sad,3,normal,2,1,0.3,0.2061764705882353
03-01-04-01-02-02-10,Actor_10/03-01-04-01-02-02-10.wav,10,F,sad,3,normal,2,2,0.6,0.4123529411764706
03-01-04-02-01-01-10,Actor_10/03-01-04-02-01-01-10.wav,10,F,sad,3,strong,1,1,0.9,0.6185294117647059
03-01-04-02-01-02-10,Actor_10/03-01-04-02-01-02-10.wav,10,F,sad,3,strong,1,2,0.9,0.6185294117647059
03-01-04-02-02-01-10,Actor_10/03-01-04-02-02-01-10.wav,10,F,sad,3,strong,2,1,0.8,0.5498039215686275
03-01-04-02-02-02-10,Actor_10/03-01-04-02-02-02-10.wav,10,F,sad,3,strong,2,2,0.9,0.6185294117647059
03-01-05-01-01-01-10,Actor_10/03-01-05-01-01-01-10.wav,10,F,angry,4,normal,1,1,0.9,0.7106540795684423
03-01-05-01-01-02-10,Actor_10/03-01-05-01-01-02-10.wav,10,F,angry,4,normal,1,2,0.4,0.3158462575859744
03-01-05-01-02-01-10,Actor_10/03-01-05-01-02-01-10.wav,10,F,angry,4,normal,2,1,0.8,0.6316925151719488
03-01-05-01-02-02-10,Actor_10/03-01-05-01-02-02-10.wav,10,F,angry,4,normal,2,2,0.7,0.5527309507754551
03-01-05-02-01-01-10,Actor_10/03-01-05-02-01-01-10.wav,10,F,angry,4,strong,1,1,0.7,0.5527309507754551
03-01-05-02-01-02-10,Actor_10/03-01-05-02-01-02-10.wav,10,F,angry,4,strong,1,2,1.0,0.7896156439649359
03-01-05-02-02-01-10,Actor_10/03-01-05-02-02-01-10.wav,10,F,angry,4,strong,2,1,0.9,0.7106540795684423
03-01-05-02-02-02-10,Actor_10/03-01-05-02-02-02-10.wav,10,F,angry,4,strong,2,2,0.8,0.6316925151719488
03-01-06-01-01-01-10,Actor_10/03-01-06-01-01-01-10.wav,10,F,fearful,5,normal,1,1,1.0,0.79535247022066
03-01-06-01-01-02-10,Actor_10/03-01-06-01-01-02-10.wav,10,F,fearful,5,normal,1,2,0.6,0.477211482132396
03-01-06-01-02-01-10,Actor_10/03-01-06-01-02-01-10.wav,10,F,fearful,5,normal,2,1,0.4,0.318140988088264
03-01-06-01-02-02-10,Actor_10/03-01-06-01-02-02-10.wav,10,F,fearful,5,normal,2,2,0.7,0.556746729154462
03-01-06-02-01-01-10,Actor_10/03-01-06-02-01-01-10.wav,10,F,fearful,5,strong,1,1,0.7,0.556746729154462
03-01-06-02-01-02-10,Actor_10/03-01-06-02-01-02-10.wav,10,F,fearful,5,strong,1,2,0.7,0.556746729154462
03-01-06-02-02-01-10,Actor_10/03-01-06-02-02-01-10.wav,10,F,fearful,5,strong,2,1,0.9,0.7158172231985941
03-01-06-02-02-02-10,Actor_10/03-01-06-02-02-02-10.wav,10,F,fearful,5,strong,2,2,0.3,0.238605741066198
03-01-07-01-01-01-10,Actor_10/03-01-07-01-01-01-10.wav,10,F,disgust,6,normal,1,1,0.4,0.3131281651733541
03-01-07-01-01-02-10,Actor_10/03-01-07-01-01-02-10.wav,10,F,disgust,6,normal,1,2,0.5,0.3914102064666926
03-01-07-01-02-01-10,Actor_10/03-01-07-01-02-01-10.wav,10,F,disgust,6,normal,2,1,0.1,0.07828204129333853
03-01-07-01-02-02-10,Actor_10/03-01-07-01-02-02-10.wav,10,F,disgust,6,normal,2,2,0.3,0.23484612388001555
03-01-07-02-01-01-10,Actor_10/03-01-07-02-01-01-10.wav,10,F,disgust,6,strong,1,1,0.2,0.15656408258667706
03-01-07-02-01-02-10,Actor_10/03-01-07-02-01-02-10.wav,10,F,disgust,6,strong,1,2,0.1,0.07828204129333853
03-01-07-02-02-01-10,Actor_10/03-01-07-02-02-01-10.wav,10,F,disgust,6,strong,2,1,0.1,0.07828204129333853
03-01-07-02-02-02-10,Actor_10/03-01-07-02-02-02-10.wav,10,F,disgust,6,strong,2,2,0.4,0.3131281651733541
03-01-08-01-01-01-10,Actor_10/03-01-08-01-01-01-10.wav,10,F,surprised,7,normal,1,1,0.9,0.6890237175951461
03-01-08-01-01-02-10,Actor_10/03-01-08-01-01-02-10.wav,10,F,surprised,7,normal,1,2,0.3,0.22967457253171536
03-01-08-01-02-01-10,Actor_10/03-01-08-01-02-01-10.wav,10,F,surprised,7,normal,2,1,0.9,0.6890237175951461
03-01-08-01-02-02-10,Actor_10/03-01-08-01-02-02-10.wav,10,F,surprised,7,normal,2,2,0.7,0.5359073359073359
03-01-08-02-01-01-10,Actor_10/03-01-08-02-01-01-10.wav,10,F,surprised,7,strong,1,1,0.6,0.4593491450634307
03-01-08-02-01-02-10,Actor_10/03-01-08-02-01-02-10.wav,10,F,surprised,7,strong,1,2,0.4,0.30623276337562055
03-01-08-02-02-01-10,Actor_10/03-01-08-02-02-01-10.wav,10,F,surprised,7,strong,2,1,0.5,0.38279095421952564
03-01-08-02-02-02-10,Actor_10/03-01-08-02-02-02-10.wav,10,F,surprised,7,strong,2,2,1.0,0.7655819084390513
03-01-01-01-01-01-11,Actor_11/03-01-01-01-01-01-11.wav,11,M,neutral,0,normal,1,1,1.0,0.6881992822461473
03-01-01-01-01-02-11,Actor_11/03-01-01-01-01-02-11.wav,11,M,neutral,0,normal,1,2,0.9,0.6193793540215327
03-01-01-01-02-01-11,Actor_11/03-01-01-01-02-01-11.wav,11,M,neutral,0,normal,2,1,0.8,0.5505594257969179
03-01-01-01-02-02-11,Actor_11/03-01-01-01-02-02-11.wav,11,M,neutral,0,normal,2,2,1.0,0.6881992822461473
03-01-02-01-01-01-11,Actor_11/03-01-02-01-01-01-11.wav,11,M,calm,1,normal,1,1,0.9,0.6193793540215327
03-01-02-01-01-02-11,Actor_11/03-01-02-01-01-02-11.wav,11,M,calm,1,normal,1,2,1.0,0.6881992822461473
03-01-02-01-02-01-11,Actor_11/03-01-02-01-02-01-11.wav,11,M,calm,1,normal,2,1,0.9,0.6193793540215327
03-01-02-01-02-02-11,Actor_11/03-01-02-01-02-02-11.wav,11,M,calm,1,normal,2,2,0.6,0.4129195693476884
03-01-02-02-01-01-11,Actor_11/03-01-02-02-01-01-11.wav,11,M,calm,1,strong,1,1,0.6,0.4129195693476884
03-01-02-02-01-02-11,Actor_11/03-01-02-02-01-02-11.wav,11,M,calm,1,strong,1,2,0.6,0.4129195693476884
03-01-02-02-02-01-11,Actor_11/03-01-02-02-02-01-11.wav,11,M,calm,1,strong,2,1,0.8,0.5505594257969179
03-01-02-02-02-02-11,Actor_11/03-01-02-02-02-02-11.wav,11,M,calm,1,strong,2,2,0.9,0.6193793540215327
03-01-03-01-01-01-11,Actor_11/03-01-03-01-01-01-11.wav,11,M,happy,2,normal,1,1,0.0,0.0
03-01-03-01-01-02-11,Actor_11/03-01-03-01-01-02-11.wav,11,M,happy,2,normal,1,2,0.0,0.0
03-01-03-01-02-01-11,Actor_11/03-01-03-01-02-01-11.wav,11,M,happy,2,normal,2,1,0.0,0.0
03-01-03-01-02-02-11,Actor_11/03-01-03-01-02-02-11.wav,11,M,happy,2,normal,2,2,0.1,0.07168576104746317
03-01-03-02-01-01-11,Actor_11/03-01-03-02-01-01-11.wav,11,M,happy,2,strong,1,1,0.0,0.0
03-01-03-02-01-02-11,Actor_11/03-01-03-02-01-02-11.wav,11,M,happy,2,strong,1,2,0.2,0.14337152209492635
03-01-03-02-02-01-11,Actor_11/03-01-03-02-02-01-11.wav,11,M,happy,2,strong,2,1,0.0,0.0
03-01-03-02-02-02-11,Actor_11/03-01-03-02-02-02-11.wav,11,M,happy,2,strong,2,2,0.0,0.0
03-01-04-01-01-01-11,Actor_11/03-01-04-01-01-01-11.wav,11,M,sad,3,normal,1,1,0.2,0.13745098039215686
03-01-04-01-01-02-11,Actor_11/03-01-04-01-01-02-11.wav,11,M,sad,3,normal,1,2,0.2,0.13745098039215686
03-01-04-01-02-01-11,Actor_11/03-01-04-01-02-01-11.wav,11,M,sad,3,normal,2,1,0.5,0.34362745098039216
03-01-04-01-02-02-11,Actor_11/03-01-04-01-02-02-11.wav,11,M,sad,3,normal,2,2,0.5,0.34362745098039216
03-01-04-02-01-01-11,Actor_11/03-01-04-02-01-01-11.wav,11,M,sad,3,strong,1,1,0.3,0.2061764705882353
03-01-04-02-01-02-11,Actor_11/03-01-04-02-01-02-11.wav,11,M,sad,3,strong,1,2,0.5,0.34362745098039216
03-01-04-02-02-01-11,Actor_11/03-01-04-02-02-01-11.wav,11,M,sad,3,strong,2,1,0.4,0.2749019607843137
03-01-04-02-02-02-11,Actor_11/03-01-04-02-02-02-11.wav,11,M,sad,3,strong,2,2,0.9,0.6185294117647059
03-01-05-01-01-01-11,Actor_11/03-01-05-01-01-01-11.wav,11,M,angry,4,normal,1,1,0.6,0.4737693863789615
03-01-05-01-01-02-11,Actor_11/03-01-05-01-01-02-11.wav,11,M,angry,4,normal,1,2,0.5,0.39480782198246794
03-01-05-01-02-01-11,Actor_11/03-01-05-01-02-01-11.wav,11,M,angry,4,normal,2,1,0.3,0.23688469318948074
03-01-05-01-02-02-11,Actor_11/03-01-05-01-02-02-11.wav,11,M,angry,4,normal,2,2,0.4,0.3158462575859744
03-01-05-02-01-01-11,Actor_11/03-01-05-02-01-01-11.wav,11,M,angry,4,strong,1,1,0.8,0.6316925151719488
03-01-05-02-01-02-11,Actor_11/03-01-05-02-01-02-11.wav,11,M,angry,4,strong,1,2,0.7,0.5527309507754551
03-01-05-02-02-01-11,Actor_11/03-01-05-02-02-01-11.wav,11,M,angry,4,strong,2,1,0.8,0.6316925151719488
03-01-05-02-02-02-11,Actor_11/03-01-05-02-02-02-11.wav,11,M,angry,4,strong,2,2,0.7,0.5527309507754551
03-01-06-01-01-01-11,Actor_11/03-01-06-01-01-01-11.wav,11,M,fearful,5,normal,1,1,0.7,0.556746729154462
03-01-06-01-01-02-11,Actor_11/03-01-06-01-01-02-11.wav,11,M,fearful,5,normal,1,2,0.8,0.636281976176528
03-01-06-01-02-01-11,Actor_11/03-01-06-01-02-01-11.wav,11,M,fearful,5,normal,2,1,0.3,0.238605741066198
03-01-06-01-02-02-11,Actor_11/03-01-06-01-02-02-11.wav,11,M,fearful,5,normal,2,2,0.4,0.318140988088264
03-01-06-02-01-01-11,Actor_11/03-01-06-02-01-01-11.wav,11,M,fearful,5,strong,1,1,0.8,0.636281976176528
03-01-06-02-01-02-11,Actor_11/03-01-06-02-01-02-11.wav,11,M,fearful,5,strong,1,2,0.6,0.477211482132396
03-01-06-02-02-01-11,Actor_11/03-01-06-02-02-01-11.wav,11,M,fearful,5,strong,2,1,0.7,0.556746729154462
03-01-06-02-02-02-11,Actor_11/03-01-06-02-02-02-11.wav,11,M,fearful,5,strong,2,2,0.8,0.636281976176528
03-01-07-01-01-01-11,Actor_11/03-01-07-01-01-01-11.wav,11,M,disgust,6,normal,1,1,0.3,0.23484612388001555
03-01-07-01-01-02-11,Actor_11/03-01-07-01-01-02-11.wav,11,M,disgust,6,normal,1,2,0.2,0.15656408258667706
03-01-07-01-02-01-11,Actor_11/03-01-07-01-02-01-11.wav,11,M,disgust,6,normal,2,1,0.3,0.23484612388001555
03-01-07-01-02-02-11,Actor_11/03-01-07-01-02-02-11.wav,11,M,disgust,6,normal,2,2,0.5,0.3914102064666926
03-01-07-02-01-01-11,Actor_11/03-01-07-02-01-01-11.wav,11,M,disgust,6,strong,1,1,0.2,0.15656408258667706
03-01-07-02-01-02-11,Actor_11/03-01-07-02-01-02-11.wav,11,M,disgust,6,strong,1,2,0.2,0.15656408258667706
03-01-07-02-02-01-11,Actor_11/03-01-07-02-02-01-11.wav,11,M,disgust,6,strong,2,1,0.5,0.3914102064666926
03-01-07-02-02-02-11,Actor_11/03-01-07-02-02-02-11.wav,11,M,disgust,6,strong,2,2,0.2,0.15656408258667706
03-01-08-01-01-01-11,Actor_11/03-01-08-01-01-01-11.wav,11,M,surprised,7,normal,1,1,0.4,0.30623276337562055
03-01-08-01-01-02-11,Actor_11/03-01-08-01-01-02-11.wav,11,M,surprised,7,normal,1,2,0.9,0.6890237175951461
03-01-08-01-02-01-11,Actor_11/03-01-08-01-02-01-11.wav,11,M,surprised,7,normal,2,1,0.9,0.6890237175951461
03-01-08-01-02-02-11,Actor_11/03-01-08-01-02-02-11.wav,11,M,surprised,7,normal,2,2,0.6,0.4593491450634307
03-01-08-02-01-01-11,Actor_11/03-01-08-02-01-01-11.wav,11,M,surprised,7,strong,1,1,0.5,0.38279095421952564
03-01-08-02-01-02-11,Actor_11/03-01-08-02-01-02-11.wav,11,M,surprised,7,strong,1,2,0.9,0.6890237175951461
03-01-08-02-02-01-11,Actor_11/03-01-08-02-02-01-11.wav,11,M,surprised,7,strong,2,1,1.0,0.7655819084390513
03-01-08-02-02-02-11,Actor_11/03-01-08-02-02-02-11.wav,11,M,surprised,7,strong,2,2,0.7,0.5359073359073359
03-01-01-01-01-01-12,Actor_12/03-01-01-01-01-01-12.wav,12,F,neutral,0,normal,1,1,1.0,0.6881992822461473
03-01-01-01-01-02-12,Actor_12/03-01-01-01-01-02-12.wav,12,F,neutral,0,normal,1,2,1.0,0.6881992822461473
03-01-01-01-02-01-12,Actor_12/03-01-01-01-02-01-12.wav,12,F,neutral,0,normal,2,1,1.0,0.6881992822461473
03-01-01-01-02-02-12,Actor_12/03-01-01-01-02-02-12.wav,12,F,neutral,0,normal,2,2,0.9,0.6193793540215327
03-01-02-01-01-01-12,Actor_12/03-01-02-01-01-01-12.wav,12,F,calm,1,normal,1,1,0.8,0.5505594257969179
03-01-02-01-01-02-12,Actor_12/03-01-02-01-01-02-12.wav,12,F,calm,1,normal,1,2,1.0,0.6881992822461473
03-01-02-01-02-01-12,Actor_12/03-01-02-01-02-01-12.wav,12,F,calm,1,normal,2,1,1.0,0.6881992822461473
03-01-02-01-02-02-12,Actor_12/03-01-02-01-02-02-12.wav,12,F,calm,1,normal,2,2,1.0,0.6881992822461473
03-01-02-02-01-01-12,Actor_12/03-01-02-02-01-01-12.wav,12,F,calm,1,strong,1,1,0.9,0.6193793540215327
03-01-02-02-01-02-12,Actor_12/03-01-02-02-01-02-12.wav,12,F,calm,1,strong,1,2,1.0,0.6881992822461473
03-01-02-02-02-01-12,Actor_12/03-01-02-02-02-01-12.wav,12,F,calm,1,strong,2,1,0.9,0.6193793540215327
03-01-02-02-02-02-12,Actor_12/03-01-02-02-02-02-12.wav,12,F,calm,1,strong,2,2,0.9,0.6193793540215327
03-01-03-01-01-01-12,Actor_12/03-01-03-01-01-01-12.wav,12,F,happy,2,normal,1,1,0.2,0.14337152209492635
03-01-03-01-01-02-12,Actor_12/03-01-03-01-01-02-12.wav,12,F,happy,2,normal,1,2,0.4,0.2867430441898527
03-01-03-01-02-01-12,Actor_12/03-01-03-01-02-01-12.wav,12,F,happy,2,normal,2,1,0.1,0.07168576104746317
03-01-03-01-02-02-12,Actor_12/03-01-03-01-02-02-12.wav,12,F,happy,2,normal,2,2,0.3,0.2150572831423895
03-01-03-02-01-01-12,Actor_12/03-01-03-02-01-01-12.wav,12,F,happy,2,strong,1,1,0.5,0.35842880523731585
03-01-03-02-01-02-12,Actor_12/03-01-03-02-01-02-12.wav,12,F,happy,2,strong,1,2,0.5,0.35842880523731585
03-01-03-02-02-01-12,Actor_12/03-01-03-02-02-01-12.wav,12,F,happy,2,strong,2,1,0.6,0.430114566284779
03-01-03-02-02-02-12,Actor_12/03-01-03-02-02-02-12.wav,12,F,happy,2,strong,2,2,0.4,0.2867430441898527
03-01-04-01-01-01-12,Actor_12/03-01-04-01-01-01-12.wav,12,F,sad,3,normal,1,1,0.4,0.2749019607843137
03-01-04-01-01-02-12,Actor_12/03-01-04-01-01-02-12.wav,12,F,sad,3,normal,1,2,0.4,0.2749019607843137
03-01-04-01-02-01-12,Actor_12/03-01-04-01-02-01-12.wav,12,F,sad,3,normal,2,1,0.2,0.13745098039215686
03-01-04-01-02-02-12,Actor_12/03-01-04-01-02-02-12.wav,12,F,sad,3,normal,2,2,0.4,0.2749019607843137
03-01-04-02-01-01-12,Actor_12/03-01-04-02-01-01-12.wav,12,F,sad,3,strong,1,1,0.7,0.48107843137254896
03-01-04-02-01-02-12,Actor_12/03-01-04-02-01-02-12.wav,12,F,sad,3,strong,1,2,0.6,0.4123529411764706
03-01-04-02-02-01-12,Actor_12/03-01-04-02-02-01-12.wav,12,F,sad,3,strong,2,1,0.4,0.2749019607843137
03-01-04-02-02-02-12,Actor_12/03-01-04-02-02-02-12.wav,12,F,sad,3,strong,2,2,0.2,0.13745098039215686
03-01-05-01-01-01-12,Actor_12/03-01-05-01-01-01-12.wav,12,F,angry,4,normal,1,1,0.6,0.4737693863789615
03-01-05-01-01-02-12,Actor_12/03-01-05-01-01-02-12.wav,12,F,angry,4,normal,1,2,0.7,0.5527309507754551
03-01-05-01-02-01-12,Actor_12/03-01-05-01-02-01-12.wav,12,F,angry,4,normal,2,1,0.5,0.39480782198246794
03-01-05-01-02-02-12,Actor_12/03-01-05-01-02-02-12.wav,12,F,angry,4,normal,2,2,0.7,0.5527309507754551
03-01-05-02-01-01-12,Actor_12/03-01-05-02-01-01-12.wav,12,F,angry,4,strong,1,1,1.0,0.7896156439649359
03-01-05-02-01-02-12,Actor_12/03-01-05-02-01-02-12.wav,12,F,angry,4,strong,1,2,0.9,0.7106540795684423
03-01-05-02-02-01-12,Actor_12/03-01-05-02-02-01-12.wav,12,F,angry,4,strong,2,1,0.9,0.7106540795684423
03-01-05-02-02-02-12,Actor_12/03-01-05-02-02-02-12.wav,12,F,angry,4,strong,2,2,0.9,0.7106540795684423
03-01-06-01-01-01-12,Actor_12/03-01-06-01-01-01-12.wav,12,F,fearful,5,normal,1,1,0.5,0.39767623511033
03-01-06-01-01-02-12,Actor_12/03-01-06-01-01-02-12.wav,12,F,fearful,5,normal,1,2,0.7,0.556746729154462
03-01-06-01-02-01-12,Actor_12/03-01-06-01-02-01-12.wav,12,F,fearful,5,normal,2,1,0.6,0.477211482132396
03-01-06-01-02-02-12,Actor_12/03-01-06-01-02-02-12.wav,12,F,fearful,5,normal,2,2,0.8,0.636281976176528
03-01-06-02-01-01-12,Actor_12/03-01-06-02-01-01-12.wav,12,F,fearful,5,strong,1,1,0.9,0.7158172231985941
03-01-06-02-01-02-12,Actor_12/03-01-06-02-01-02-12.wav,12,F,fearful,5,strong,1,2,0.7,0.556746729154462
03-01-06-02-02-01-12,Actor_12/03-01-06-02-02-01-12.wav,12,F,fearful,5,strong,2,1,0.9,0.7158172231985941
03-01-06-02-02-02-12,Actor_12/03-01-06-02-02-02-12.wav,12,F,fearful,5,strong,2,2,0.8,0.636281976176528
03-01-07-01-01-01-12,Actor_12/03-01-07-01-01-01-12.wav,12,F,disgust,6,normal,1,1,0.4,0.3131281651733541
03-01-07-01-01-02-12,Actor_12/03-01-07-01-01-02-12.wav,12,F,disgust,6,normal,1,2,0.5,0.3914102064666926
03-01-07-01-02-01-12,Actor_12/03-01-07-01-02-01-12.wav,12,F,disgust,6,normal,2,1,0.1,0.07828204129333853
03-01-07-01-02-02-12,Actor_12/03-01-07-01-02-02-12.wav,12,F,disgust,6,normal,2,2,0.8,0.6262563303467082
03-01-07-02-01-01-12,Actor_12/03-01-07-02-01-01-12.wav,12,F,disgust,6,strong,1,1,0.6,0.4696922477600311
03-01-07-02-01-02-12,Actor_12/03-01-07-02-01-02-12.wav,12,F,disgust,6,strong,1,2,0.7,0.5479742890533696
03-01-07-02-02-01-12,Actor_12/03-01-07-02-02-01-12.wav,12,F,disgust,6,strong,2,1,0.9,0.7045383716400467
03-01-07-02-02-02-12,Actor_12/03-01-07-02-02-02-12.wav,12,F,disgust,6,strong,2,2,0.8,0.6262563303467082
03-01-08-01-01-01-12,Actor_12/03-01-08-01-01-01-12.wav,12,F,surprised,7,normal,1,1,0.9,0.6890237175951461
03-01-08-01-01-02-12,Actor_12/03-01-08-01-01-02-12.wav,12,F,surprised,7,normal,1,2,0.9,0.6890237175951461
03-01-08-01-02-01-12,Actor_12/03-01-08-01-02-01-12.wav,12,F,surprised,7,normal,2,1,0.3,0.22967457253171536
03-01-08-01-02-02-12,Actor_12/03-01-08-01-02-02-12.wav,12,F,surprised,7,normal,2,2,0.3,0.22967457253171536
03-01-08-02-01-01-12,Actor_12/03-01-08-02-01-01-12.wav,12,F,surprised,7,strong,1,1,0.7,0.5359073359073359
03-01-08-02-01-02-12,Actor_12/03-01-08-02-01-02-12.wav,12,F,surprised,7,strong,1,2,0.7,0.5359073359073359
03-01-08-02-02-01-12,Actor_12/03-01-08-02-02-01-12.wav,12,F,surprised,7,strong,2,1,0.6,0.4593491450634307
03-01-08-02-02-02-12,Actor_12/03-01-08-02-02-02-12.wav,12,F,surprised,7,strong,2,2,0.5,0.38279095421952564
03-01-01-01-01-01-13,Actor_13/03-01-01-01-01-01-13.wav,13,M,neutral,0,normal,1,1,1.0,0.6881992822461473
03-01-01-01-01-02-13,Actor_13/03-01-01-01-01-02-13.wav,13,M,neutral,0,normal,1,2,1.0,0.6881992822461473
03-01-01-01-02-01-13,Actor_13/03-01-01-01-02-01-13.wav,13,M,neutral,0,normal,2,1,1.0,0.6881992822461473
03-01-01-01-02-02-13,Actor_13/03-01-01-01-02-02-13.wav,13,M,neutral,0,normal,2,2,1.0,0.6881992822461473
03-01-02-01-01-01-13,Actor_13/03-01-02-01-01-01-13.wav,13,M,calm,1,normal,1,1,0.8,0.5505594257969179
03-01-02-01-01-02-13,Actor_13/03-01-02-01-01-02-13.wav,13,M,calm,1,normal,1,2,1.0,0.6881992822461473
03-01-02-01-02-01-13,Actor_13/03-01-02-01-02-01-13.wav,13,M,calm,1,normal,2,1,1.0,0.6881992822461473
03-01-02-01-02-02-13,Actor_13/03-01-02-01-02-02-13.wav,13,M,calm,1,normal,2,2,0.9,0.6193793540215327
03-01-02-02-01-01-13,Actor_13/03-01-02-02-01-01-13.wav,13,M,calm,1,strong,1,1,1.0,0.6881992822461473
03-01-02-02-01-02-13,Actor_13/03-01-02-02-01-02-13.wav,13,M,calm,1,strong,1,2,1.0,0.6881992822461473
03-01-02-02-02-01-13,Actor_13/03-01-02-02-02-01-13.wav,13,M,calm,1,strong,2,1,1.0,0.6881992822461473
03-01-02-02-02-02-13,Actor_13/03-01-02-02-02-02-13.wav,13,M,calm,1,strong,2,2,0.9,0.6193793540215327
03-01-03-01-01-01-13,Actor_13/03-01-03-01-01-01-13.wav,13,M,happy,2,normal,1,1,0.0,0.0
03-01-03-01-01-02-13,Actor_13/03-01-03-01-01-02-13.wav,13,M,happy,2,normal,1,2,0.2,0.14337152209492635
03-01-03-01-02-01-13,Actor_13/03-01-03-01-02-01-13.wav,13,M,happy,2,normal,2,1,0.1,0.07168576104746317
03-01-03-01-02-02-13,Actor_13/03-01-03-01-02-02-13.wav,13,M,happy,2,normal,2,2,0.2,0.14337152209492635
03-01-03-02-01-01-13,Actor_13/03-01-03-02-01-01-13.wav,13,M,happy,2,strong,1,1,0.9,0.6451718494271685
03-01-03-02-01-02-13,Actor_13/03-01-03-02-01-02-13.wav,13,M,happy,2,strong,1,2,1.0,0.7168576104746317
03-01-03-02-02-01-13,Actor_13/03-01-03-02-02-01-13.wav,13,M,happy,2,strong,2,1,0.2,0.14337152209492635
03-01-03-02-02-02-13,Actor_13/03-01-03-02-02-02-13.wav,13,M,happy,2,strong,2,2,0.9,0.6451718494271685
03-01-04-01-01-01-13,Actor_13/03-01-04-01-01-01-13.wav,13,M,sad,3,normal,1,1,0.3,0.2061764705882353
03-01-04-01-01-02-13,Actor_13/03-01-04-01-01-02-13.wav,13,M,sad,3,normal,1,2,0.0,0.0
03-01-04-01-02-01-13,Actor_13/03-01-04-01-02-01-13.wav,13,M,sad,3,normal,2,1,0.2,0.13745098039215686
03-01-04-01-02-02-13,Actor_13/03-01-04-01-02-02-13.wav,13,M,sad,3,normal,2,2,0.2,0.13745098039215686
03-01-04-02-01-01-13,Actor_13/03-01-04-02-01-01-13.wav,13,M,sad,3,strong,1,1,0.2,0.13745098039215686
03-01-04-02-01-02-13,Actor_13/03-01-04-02-01-02-13.wav,13,M,sad,3,strong,1,2,0.0,0.0
03-01-04-02-02-01-13,Actor_13/03-01-04-02-02-01-13.wav,13,M,sad,3,strong,2,1,0.0,0.0
03-01-04-02-02-02-13,Actor_13/03-01-04-02-02-02-13.wav,13,M,sad,3,strong,2,2,0.1,0.06872549019607843
03-01-05-01-01-01-13,Actor_13/03-01-05-01-01-01-13.wav,13,M,angry,4,normal,1,1,0.8,0.6316925151719488
03-01-05-01-01-02-13,Actor_13/03-01-05-01-01-02-13.wav,13,M,angry,4,normal,1,2,0.8,0.6316925151719488
03-01-05-01-02-01-13,Actor_13/03-01-05-01-02-01-13.wav,13,M,angry,4,normal,2,1,0.6,0.4737693863789615
03-01-05-01-02-02-13,Actor_13/03-01-05-01-02-02-13.wav,13,M,angry,4,normal,2,2,0.8,0.6316925151719488
03-01-05-02-01-01-13,Actor_13/03-01-05-02-01-01-13.wav,13,M,angry,4,strong,1,1,1.0,0.7896156439649359
03-01-05-02-01-02-13,Actor_13/03-01-05-02-01-02-13.wav,13,M,angry,4,strong,1,2,1.0,0.7896156439649359
03-01-05-02-02-01-13,Actor_13/03-01-05-02-02-01-13.wav,13,M,angry,4,strong,2,1,0.9,0.7106540795684423
03-01-05-02-02-02-13,Actor_13/03-01-05-02-02-02-13.wav,13,M,angry,4,strong,2,2,1.0,0.7896156439649359
03-01-06-01-01-01-13,Actor_13/03-01-06-01-01-01-13.wav,13,M,fearful,5,normal,1,1,0.1,0.079535247022066
03-01-06-01-01-02-13,Actor_13/03-01-06-01-01-02-13.wav,13,M,fearful,5,normal,1,2,0.2,0.159070494044132
03-01-06-01-02-01-13,Actor_13/03-01-06-01-02-01-13.wav,13,M,fearful,5,normal,2,1,0.2,0.159070494044132
03-01-06-01-02-02-13,Actor_13/03-01-06-01-02-02-13.wav,13,M,fearful,5,normal,2,2,0.0,0.0
03-01-06-02-01-01-13,Actor_13/03-01-06-02-01-01-13.wav,13,M,fearful,5,strong,1,1,0.3,0.238605741066198
03-01-06-02-01-02-13,Actor_13/03-01-06-02-01-02-13.wav,13,M,fearful,5,strong,1,2,0.1,0.079535247022066
03-01-06-02-02-01-13,Actor_13/03-01-06-02-02-01-13.wav,13,M,fearful,5,strong,2,1,0.2,0.159070494044132
03-01-06-02-02-02-13,Actor_13/03-01-06-02-02-02-13.wav,13,M,fearful,5,strong,2,2,0.2,0.159070494044132
03-01-07-01-01-01-13,Actor_13/03-01-07-01-01-01-13.wav,13,M,disgust,6,normal,1,1,0.0,0.0
03-01-07-01-01-02-13,Actor_13/03-01-07-01-01-02-13.wav,13,M,disgust,6,normal,1,2,0.0,0.0
03-01-07-01-02-01-13,Actor_13/03-01-07-01-02-01-13.wav,13,M,disgust,6,normal,2,1,0.1,0.07828204129333853
03-01-07-01-02-02-13,Actor_13/03-01-07-01-02-02-13.wav,13,M,disgust,6,normal,2,2,0.7,0.5479742890533696
03-01-07-02-01-01-13,Actor_13/03-01-07-02-01-01-13.wav,13,M,disgust,6,strong,1,1,0.4,0.3131281651733541
03-01-07-02-01-02-13,Actor_13/03-01-07-02-01-02-13.wav,13,M,disgust,6,strong,1,2,0.2,0.15656408258667706
03-01-07-02-02-01-13,Actor_13/03-01-07-02-02-01-13.wav,13,M,disgust,6,strong,2,1,0.5,0.3914102064666926
03-01-07-02-02-02-13,Actor_13/03-01-07-02-02-02-13.wav,13,M,disgust,6,strong,2,2,0.4,0.3131281651733541
03-01-08-01-01-01-13,Actor_13/03-01-08-01-01-01-13.wav,13,M,surprised,7,normal,1,1,0.6,0.4593491450634307
03-01-08-01-01-02-13,Actor_13/03-01-08-01-01-02-13.wav,13,M,surprised,7,normal,1,2,0.3,0.22967457253171536
03-01-08-01-02-01-13,Actor_13/03-01-08-01-02-01-13.wav,13,M,surprised,7,normal,2,1,1.0,0.7655819084390513
03-01-08-01-02-02-13,Actor_13/03-01-08-01-02-02-13.wav,13,M,surprised,7,normal,2,2,0.7,0.5359073359073359
03-01-08-02-01-01-13,Actor_13/03-01-08-02-01-01-13.wav,13,M,surprised,7,strong,1,1,1.0,0.7655819084390513
03-01-08-02-01-02-13,Actor_13/03-01-08-02-01-02-13.wav,13,M,surprised,7,strong,1,2,0.6,0.4593491450634307
03-01-08-02-02-01-13,Actor_13/03-01-08-02-02-01-13.wav,13,M,surprised,7,strong,2,1,0.8,0.6124655267512411
03-01-08-02-02-02-13,Actor_13/03-01-08-02-02-02-13.wav,13,M,surprised,7,strong,2,2,0.8,0.6124655267512411
03-01-01-01-01-01-14,Actor_14/03-01-01-01-01-01-14.wav,14,F,neutral,0,normal,1,1,0.8,0.5505594257969179
03-01-01-01-01-02-14,Actor_14/03-01-01-01-01-02-14.wav,14,F,neutral,0,normal,1,2,1.0,0.6881992822461473
03-01-01-01-02-01-14,Actor_14/03-01-01-01-02-01-14.wav,14,F,neutral,0,normal,2,1,1.0,0.6881992822461473
03-01-01-01-02-02-14,Actor_14/03-01-01-01-02-02-14.wav,14,F,neutral,0,normal,2,2,0.9,0.6193793540215327
03-01-02-01-01-01-14,Actor_14/03-01-02-01-01-01-14.wav,14,F,calm,1,normal,1,1,0.5,0.3440996411230737
03-01-02-01-01-02-14,Actor_14/03-01-02-01-01-02-14.wav,14,F,calm,1,normal,1,2,1.0,0.6881992822461473
03-01-02-01-02-01-14,Actor_14/03-01-02-01-02-01-14.wav,14,F,calm,1,normal,2,1,1.0,0.6881992822461473
03-01-02-01-02-02-14,Actor_14/03-01-02-01-02-02-14.wav,14,F,calm,1,normal,2,2,1.0,0.6881992822461473
03-01-02-02-01-01-14,Actor_14/03-01-02-02-01-01-14.wav,14,F,calm,1,strong,1,1,0.8,0.5505594257969179
03-01-02-02-01-02-14,Actor_14/03-01-02-02-01-02-14.wav,14,F,calm,1,strong,1,2,1.0,0.6881992822461473
03-01-02-02-02-01-14,Actor_14/03-01-02-02-02-01-14.wav,14,F,calm,1,strong,2,1,0.8,0.5505594257969179
03-01-02-02-02-02-14,Actor_14/03-01-02-02-02-02-14.wav,14,F,calm,1,strong,2,2,0.9,0.6193793540215327
03-01-03-01-01-01-14,Actor_14/03-01-03-01-01-01-14.wav,14,F,happy,2,normal,1,1,0.9,0.6451718494271685
03-01-03-01-01-02-14,Actor_14/03-01-03-01-01-02-14.wav,14,F,happy,2,normal,1,2,0.5,0.35842880523731585
03-01-03-01-02-01-14,Actor_14/03-01-03-01-02-01-14.wav,14,F,happy,2,normal,2,1,0.4,0.2867430441898527
03-01-03-01-02-02-14,Actor_14/03-01-03-01-02-02-14.wav,14,F,happy,2,normal,2,2,0.6,0.430114566284779
03-01-03-02-01-01-14,Actor_14/03-01-03-02-01-01-14.wav,14,F,happy,2,strong,1,1,0.4,0.2867430441898527
03-01-03-02-01-02-14,Actor_14/03-01-03-02-01-02-14.wav,14,F,happy,2,strong,1,2,0.9,0.6451718494271685
03-01-03-02-02-01-14,Actor_14/03-01-03-02-02-01-14.wav,14,F,happy,2,strong,2,1,0.9,0.6451718494271685
03-01-03-02-02-02-14,Actor_14/03-01-03-02-02-02-14.wav,14,F,happy,2,strong,2,2,0.4,0.2867430441898527
03-01-04-01-01-01-14,Actor_14/03-01-04-01-01-01-14.wav,14,F,sad,3,normal,1,1,0.3,0.2061764705882353
03-01-04-01-01-02-14,Actor_14/03-01-04-01-01-02-14.wav,14,F,sad,3,normal,1,2,0.1,0.06872549019607843
03-01-04-01-02-01-14,Actor_14/03-01-04-01-02-01-14.wav,14,F,sad,3,normal,2,1,0.0,0.0
03-01-04-01-02-02-14,Actor_14/03-01-04-01-02-02-14.wav,14,F,sad,3,normal,2,2,0.1,0.06872549019607843
03-01-04-02-01-01-14,Actor_14/03-01-04-02-01-01-14.wav,14,F,sad,3,strong,1,1,0.3,0.2061764705882353
03-01-04-02-01-02-14,Actor_14/03-01-04-02-01-02-14.wav,14,F,sad,3,strong,1,2,0.6,0.4123529411764706
03-01-04-02-02-01-14,Actor_14/03-01-04-02-02-01-14.wav,14,F,sad,3,strong,2,1,0.6,0.4123529411764706
03-01-04-02-02-02-14,Actor_14/03-01-04-02-02-02-14.wav,14,F,sad,3,strong,2,2,0.2,0.13745098039215686
03-01-05-01-01-01-14,Actor_14/03-01-05-01-01-01-14.wav,14,F,angry,4,normal,1,1,0.9,0.7106540795684423
03-01-05-01-01-02-14,Actor_14/03-01-05-01-01-02-14.wav,14,F,angry,4,normal,1,2,0.9,0.7106540795684423
03-01-05-01-02-01-14,Actor_14/03-01-05-01-02-01-14.wav,14,F,angry,4,normal,2,1,0.8,0.6316925151719488
03-01-05-01-02-02-14,Actor_14/03-01-05-01-02-02-14.wav,14,F,angry,4,normal,2,2,0.5,0.39480782198246794
03-01-05-02-01-01-14,Actor_14/03-01-05-02-01-01-14.wav,14,F,angry,4,strong,1,1,0.8,0.6316925151719488
03-01-05-02-01-02-14,Actor_14/03-01-05-02-01-02-14.wav,14,F,angry,4,strong,1,2,0.9,0.7106540795684423
03-01-05-02-02-01-14,Actor_14/03-01-05-02-02-01-14.wav,14,F,angry,4,strong,2,1,0.8,0.6316925151719488
03-01-05-02-02-02-14,Actor_14/03-01-05-02-02-02-14.wav,14,F,angry,4,strong,2,2,1.0,0.7896156439649359
03-01-06-01-01-01-14,Actor_14/03-01-06-01-01-01-14.wav,14,F,fearful,5,normal,1,1,0.6,0.477211482132396
03-01-06-01-01-02-14,Actor_14/03-01-06-01-01-02-14.wav,14,F,fearful,5,normal,1,2,0.3,0.238605741066198
03-01-06-01-02-01-14,Actor_14/03-01-06-01-02-01-14.wav,14,F,fearful,5,normal,2,1,0.8,0.636281976176528
03-01-06-01-02-02-14,Actor_14/03-01-06-01-02-02-14.wav,14,F,fearful,5,normal,2,2,0.7,0.556746729154462
03-01-06-02-01-01-14,Actor_14/03-01-06-02-01-01-14.wav,14,F,fearful,5,strong,1,1,0.9,0.7158172231985941
03-01-06-02-01-02-14,Actor_14/03-01-06-02-01-02-14.wav,14,F,fearful,5,strong,1,2,0.8,0.636281976176528
03-01-06-02-02-01-14,Actor_14/03-01-06-02-02-01-14.wav,14,F,fearful,5,strong,2,1,0.9,0.7158172231985941
03-01-06-02-02-02-14,Actor_14/03-01-06-02-02-02-14.wav,14,F,fearful,5,strong,2,2,1.0,0.79535247022066
03-01-07-01-01-01-14,Actor_14/03-01-07-01-01-01-14.wav,14,F,disgust,6,normal,1,1,0.3,0.23484612388001555
03-01-07-01-01-02-14,Actor_14/03-01-07-01-01-02-14.wav,14,F,disgust,6,normal,1,2,0.2,0.15656408258667706
03-01-07-01-02-01-14,Actor_14/03-01-07-01-02-01-14.wav,14,F,disgust,6,normal,2,1,0.5,0.3914102064666926
03-01-07-01-02-02-14,Actor_14/03-01-07-01-02-02-14.wav,14,F,disgust,6,normal,2,2,0.6,0.4696922477600311
03-01-07-02-01-01-14,Actor_14/03-01-07-02-01-01-14.wav,14,F,disgust,6,strong,1,1,0.7,0.5479742890533696
03-01-07-02-01-02-14,Actor_14/03-01-07-02-01-02-14.wav,14,F,disgust,6,strong,1,2,0.5,0.3914102064666926
03-01-07-02-02-01-14,Actor_14/03-01-07-02-02-01-14.wav,14,F,disgust,6,strong,2,1,0.1,0.07828204129333853
03-01-07-02-02-02-14,Actor_14/03-01-07-02-02-02-14.wav,14,F,disgust,6,strong,2,2,0.7,0.5479742890533696
03-01-08-01-01-01-14,Actor_14/03-01-08-01-01-01-14.wav,14,F,surprised,7,normal,1,1,0.8,0.6124655267512411
03-01-08-01-01-02-14,Actor_14/03-01-08-01-01-02-14.wav,14,F,surprised,7,normal,1,2,1.0,0.7655819084390513
03-01-08-01-02-01-14,Actor_14/03-01-08-01-02-01-14.wav,14,F,surprised,7,normal,2,1,0.9,0.6890237175951461
03-01-08-01-02-02-14,Actor_14/03-01-08-01-02-02-14.wav,14,F,surprised,7,normal,2,2,0.9,0.6890237175951461
03-01-08-02-01-01-14,Actor_14/03-01-08-02-01-01-14.wav,14,F,surprised,7,strong,1,1,1.0,0.7655819084390513
03-01-08-02-01-02-14,Actor_14/03-01-08-02-01-02-14.wav,14,F,surprised,7,strong,1,2,0.9,0.6890237175951461
03-01-08-02-02-01-14,Actor_14/03-01-08-02-02-01-14.wav,14,F,surprised,7,strong,2,1,1.0,0.7655819084390513
03-01-08-02-02-02-14,Actor_14/03-01-08-02-02-02-14.wav,14,F,surprised,7,strong,2,2,1.0,0.7655819084390513
03-01-01-01-01-01-15,Actor_15/03-01-01-01-01-01-15.wav,15,M,neutral,0,normal,1,1,0.8,0.5505594257969179
03-01-01-01-01-02-15,Actor_15/03-01-01-01-01-02-15.wav,15,M,neutral,0,normal,1,2,1.0,0.6881992822461473
03-01-01-01-02-01-15,Actor_15/03-01-01-01-02-01-15.wav,15,M,neutral,0,normal,2,1,0.9,0.6193793540215327
03-01-01-01-02-02-15,Actor_15/03-01-01-01-02-02-15.wav,15,M,neutral,0,normal,2,2,0.9,0.6193793540215327
03-01-02-01-01-01-15,Actor_15/03-01-02-01-01-01-15.wav,15,M,calm,1,normal,1,1,1.0,0.6881992822461473
03-01-02-01-01-02-15,Actor_15/03-01-02-01-01-02-15.wav,15,M,calm,1,normal,1,2,0.9,0.6193793540215327
03-01-02-01-02-01-15,Actor_15/03-01-02-01-02-01-15.wav,15,M,calm,1,normal,2,1,0.8,0.5505594257969179
03-01-02-01-02-02-15,Actor_15/03-01-02-01-02-02-15.wav,15,M,calm,1,normal,2,2,1.0,0.6881992822461473
03-01-02-02-01-01-15,Actor_15/03-01-02-02-01-01-15.wav,15,M,calm,1,strong,1,1,0.9,0.6193793540215327
03-01-02-02-01-02-15,Actor_15/03-01-02-02-01-02-15.wav,15,M,calm,1,strong,1,2,0.9,0.6193793540215327
03-01-02-02-02-01-15,Actor_15/03-01-02-02-02-01-15.wav,15,M,calm,1,strong,2,1,0.5,0.3440996411230737
03-01-02-02-02-02-15,Actor_15/03-01-02-02-02-02-15.wav,15,M,calm,1,strong,2,2,1.0,0.6881992822461473
03-01-03-01-01-01-15,Actor_15/03-01-03-01-01-01-15.wav,15,M,happy,2,normal,1,1,0.4,0.2867430441898527
03-01-03-01-01-02-15,Actor_15/03-01-03-01-01-02-15.wav,15,M,happy,2,normal,1,2,0.2,0.14337152209492635
03-01-03-01-02-01-15,Actor_15/03-01-03-01-02-01-15.wav,15,M,happy,2,normal,2,1,0.1,0.07168576104746317
03-01-03-01-02-02-15,Actor_15/03-01-03-01-02-02-15.wav,15,M,happy,2,normal,2,2,0.3,0.2150572831423895
03-01-03-02-01-01-15,Actor_15/03-01-03-02-01-01-15.wav,15,M,happy,2,strong,1,1,0.4,0.2867430441898527
03-01-03-02-01-02-15,Actor_15/03-01-03-02-01-02-15.wav,15,M,happy,2,strong,1,2,0.6,0.430114566284779
03-01-03-02-02-01-15,Actor_15/03-01-03-02-02-01-15.wav,15,M,happy,2,strong,2,1,0.7,0.5018003273322421
03-01-03-02-02-02-15,Actor_15/03-01-03-02-02-02-15.wav,15,M,happy,2,strong,2,2,0.9,0.6451718494271685
03-01-04-01-01-01-15,Actor_15/03-01-04-01-01-01-15.wav,15,M,sad,3,normal,1,1,0.1,0.06872549019607843
03-01-04-01-01-02-15,Actor_15/03-01-04-01-01-02-15.wav,15,M,sad,3,normal,1,2,0.1,0.06872549019607843
03-01-04-01-02-01-15,Actor_15/03-01-04-01-02-01-15.wav,15,M,sad,3,normal,2,1,0.1,0.06872549019607843
03-01-04-01-02-02-15,Actor_15/03-01-04-01-02-02-15.wav,15,M,sad,3,normal,2,2,0.4,0.2749019607843137
03-01-04-02-01-01-15,Actor_15/03-01-04-02-01-01-15.wav,15,M,sad,3,strong,1,1,0.1,0.06872549019607843
03-01-04-02-01-02-15,Actor_15/03-01-04-02-01-02-15.wav,15,M,sad,3,strong,1,2,0.6,0.4123529411764706
03-01-04-02-02-01-15,Actor_15/03-01-04-02-02-01-15.wav,15,M,sad,3,strong,2,1,0.3,0.2061764705882353
03-01-04-02-02-02-15,Actor_15/03-01-04-02-02-02-15.wav,15,M,sad,3,strong,2,2,0.4,0.2749019607843137
03-01-05-01-01-01-15,Actor_15/03-01-05-01-01-01-15.wav,15,M,angry,4,normal,1,1,0.4,0.3158462575859744
03-01-05-01-01-02-15,Actor_15/03-01-05-01-01-02-15.wav,15,M,angry,4,normal,1,2,0.6,0.4737693863789615
03-01-05-01-02-01-15,Actor_15/03-01-05-01-02-01-15.wav,15,M,angry,4,normal,2,1,0.1,0.0789615643964936
03-01-05-01-02-02-15,Actor_15/03-01-05-01-02-02-15.wav,15,M,angry,4,normal,2,2,0.8,0.6316925151719488
03-01-05-02-01-01-15,Actor_15/03-01-05-02-01-01-15.wav,15,M,angry,4,strong,1,1,0.7,0.5527309507754551
03-01-05-02-01-02-15,Actor_15/03-01-05-02-01-02-15.wav,15,M,angry,4,strong,1,2,0.7,0.5527309507754551
03-01-05-02-02-01-15,Actor_15/03-01-05-02-02-01-15.wav,15,M,angry,4,strong,2,1,1.0,0.7896156439649359
03-01-05-02-02-02-15,Actor_15/03-01-05-02-02-02-15.wav,15,M,angry,4,strong,2,2,1.0,0.7896156439649359
03-01-06-01-01-01-15,Actor_15/03-01-06-01-01-01-15.wav,15,M,fearful,5,normal,1,1,0.6,0.477211482132396
03-01-06-01-01-02-15,Actor_15/03-01-06-01-01-02-15.wav,15,M,fearful,5,normal,1,2,0.6,0.477211482132396
03-01-06-01-02-01-15,Actor_15/03-01-06-01-02-01-15.wav,15,M,fearful,5,normal,2,1,0.7,0.556746729154462
03-01-06-01-02-02-15,Actor_15/03-01-06-01-02-02-15.wav,15,M,fearful,5,normal,2,2,0.8,0.636281976176528
03-01-06-02-01-01-15,Actor_15/03-01-06-02-01-01-15.wav,15,M,fearful,5,strong,1,1,0.6,0.477211482132396
03-01-06-02-01-02-15,Actor_15/03-01-06-02-01-02-15.wav,15,M,fearful,5,strong,1,2,0.5,0.39767623511033
03-01-06-02-02-01-15,Actor_15/03-01-06-02-02-01-15.wav,15,M,fearful,5,strong,2,1,0.7,0.556746729154462
03-01-06-02-02-02-15,Actor_15/03-01-06-02-02-02-15.wav,15,M,fearful,5,strong,2,2,1.0,0.79535247022066
03-01-07-01-01-01-15,Actor_15/03-01-07-01-01-01-15.wav,15,M,disgust,6,normal,1,1,0.3,0.23484612388001555
03-01-07-01-01-02-15,Actor_15/03-01-07-01-01-02-15.wav,15,M,disgust,6,normal,1,2,0.3,0.23484612388001555
03-01-07-01-02-01-15,Actor_15/03-01-07-01-02-01-15.wav,15,M,disgust,6,normal,2,1,0.4,0.3131281651733541
03-01-07-01-02-02-15,Actor_15/03-01-07-01-02-02-15.wav,15,M,disgust,6,normal,2,2,0.6,0.4696922477600311
03-01-07-02-01-01-15,Actor_15/03-01-07-02-01-01-15.wav,15,M,disgust,6,strong,1,1,0.5,0.3914102064666926
03-01-07-02-01-02-15,Actor_15/03-01-07-02-01-02-15.wav,15,M,disgust,6,strong,1,2,0.4,0.3131281651733541
03-01-07-02-02-01-15,Actor_15/03-01-07-02-02-01-15.wav,15,M,disgust,6,strong,2,1,0.2,0.15656408258667706
03-01-07-02-02-02-15,Actor_15/03-01-07-02-02-02-15.wav,15,M,disgust,6,strong,2,2,0.6,0.4696922477600311
03-01-08-01-01-01-15,Actor_15/03-01-08-01-01-01-15.wav,15,M,surprised,7,normal,1,1,0.1,0.07655819084390514
03-01-08-01-01-02-15,Actor_15/03-01-08-01-01-02-15.wav,15,M,surprised,7,normal,1,2,0.3,0.22967457253171536
03-01-08-01-02-01-15,Actor_15/03-01-08-01-02-01-15.wav,15,M,surprised,7,normal,2,1,0.5,0.38279095421952564
03-01-08-01-02-02-15,Actor_15/03-01-08-01-02-02-15.wav,15,M,surprised,7,normal,2,2,0.7,0.5359073359073359
03-01-08-02-01-01-15,Actor_15/03-01-08-02-01-01-15.wav,15,M,surprised,7,strong,1,1,0.3,0.22967457253171536
03-01-08-02-01-02-15,Actor_15/03-01-08-02-01-02-15.wav,15,M,surprised,7,strong,1,2,0.4,0.30623276337562055
03-01-08-02-02-01-15,Actor_15/03-01-08-02-02-01-15.wav,15,M,surprised,7,strong,2,1,0.4,0.30623276337562055
03-01-08-02-02-02-15,Actor_15/03-01-08-02-02-02-15.wav,15,M,surprised,7,strong,2,2,0.1,0.07655819084390514
03-01-01-01-01-01-16,Actor_16/03-01-01-01-01-01-16.wav,16,F,neutral,0,normal,1,1,0.6,0.4129195693476884
03-01-01-01-01-02-16,Actor_16/03-01-01-01-01-02-16.wav,16,F,neutral,0,normal,1,2,0.9,0.6193793540215327
03-01-01-01-02-01-16,Actor_16/03-01-01-01-02-01-16.wav,16,F,neutral,0,normal,2,1,0.8,0.5505594257969179
03-01-01-01-02-02-16,Actor_16/03-01-01-01-02-02-16.wav,16,F,neutral,0,normal,2,2,1.0,0.6881992822461473
03-01-02-01-01-01-16,Actor_16/03-01-02-01-01-01-16.wav,16,F,calm,1,normal,1,1,0.8,0.5505594257969179
03-01-02-01-01-02-16,Actor_16/03-01-02-01-01-02-16.wav,16,F,calm,1,normal,1,2,0.8,0.5505594257969179
03-01-02-01-02-01-16,Actor_16/03-01-02-01-02-01-16.wav,16,F,calm,1,normal,2,1,0.8,0.5505594257969179
03-01-02-01-02-02-16,Actor_16/03-01-02-01-02-02-16.wav,16,F,calm,1,normal,2,2,0.8,0.5505594257969179
03-01-02-02-01-01-16,Actor_16/03-01-02-02-01-01-16.wav,16,F,calm,1,strong,1,1,0.6,0.4129195693476884
03-01-02-02-01-02-16,Actor_16/03-01-02-02-01-02-16.wav,16,F,calm,1,strong,1,2,0.3,0.2064597846738442
03-01-02-02-02-01-16,Actor_16/03-01-02-02-02-01-16.wav,16,F,calm,1,strong,2,1,0.6,0.4129195693476884
03-01-02-02-02-02-16,Actor_16/03-01-02-02-02-02-16.wav,16,F,calm,1,strong,2,2,0.8,0.5505594257969179
03-01-03-01-01-01-16,Actor_16/03-01-03-01-01-01-16.wav,16,F,happy,2,normal,1,1,0.0,0.0
03-01-03-01-01-02-16,Actor_16/03-01-03-01-01-02-16.wav,16,F,happy,2,normal,1,2,0.2,0.14337152209492635
03-01-03-01-02-01-16,Actor_16/03-01-03-01-02-01-16.wav,16,F,happy,2,normal,2,1,0.1,0.07168576104746317
03-01-03-01-02-02-16,Actor_16/03-01-03-01-02-02-16.wav,16,F,happy,2,normal,2,2,0.1,0.07168576104746317
03-01-03-02-01-01-16,Actor_16/03-01-03-02-01-01-16.wav,16,F,happy,2,strong,1,1,0.4,0.2867430441898527
03-01-03-02-01-02-16,Actor_16/03-01-03-02-01-02-16.wav,16,F,happy,2,strong,1,2,0.1,0.07168576104746317
03-01-03-02-02-01-16,Actor_16/03-01-03-02-02-01-16.wav,16,F,happy,2,strong,2,1,0.4,0.2867430441898527
03-01-03-02-02-02-16,Actor_16/03-01-03-02-02-02-16.wav,16,F,happy,2,strong,2,2,0.0,0.0
03-01-04-01-01-01-16,Actor_16/03-01-04-01-01-01-16.wav,16,F,sad,3,normal,1,1,0.0,0.0
03-01-04-01-01-02-16,Actor_16/03-01-04-01-01-02-16.wav,16,F,sad,3,normal,1,2,0.1,0.06872549019607843
03-01-04-01-02-01-16,Actor_16/03-01-04-01-02-01-16.wav,16,F,sad,3,normal,2,1,0.1,0.06872549019607843
03-01-04-01-02-02-16,Actor_16/03-01-04-01-02-02-16.wav,16,F,sad,3,normal,2,2,0.1,0.06872549019607843
03-01-04-02-01-01-16,Actor_16/03-01-04-02-01-01-16.wav,16,F,sad,3,strong,1,1,0.8,0.5498039215686275
03-01-04-02-01-02-16,Actor_16/03-01-04-02-01-02-16.wav,16,F,sad,3,strong,1,2,0.8,0.5498039215686275
03-01-04-02-02-01-16,Actor_16/03-01-04-02-02-01-16.wav,16,F,sad,3,strong,2,1,0.7,0.48107843137254896
03-01-04-02-02-02-16,Actor_16/03-01-04-02-02-02-16.wav,16,F,sad,3,strong,2,2,0.4,0.2749019607843137
03-01-05-01-01-01-16,Actor_16/03-01-05-01-01-01-16.wav,16,F,angry,4,normal,1,1,1.0,0.7896156439649359
03-01-05-01-01-02-16,Actor_16/03-01-05-01-01-02-16.wav,16,F,angry,4,normal,1,2,0.9,0.7106540795684423
03-01-05-01-02-01-16,Actor_16/03-01-05-01-02-01-16.wav,16,F,angry,4,normal,2,1,1.0,0.7896156439649359
03-01-05-01-02-02-16,Actor_16/03-01-05-01-02-02-16.wav,16,F,angry,4,normal,2,2,0.8,0.6316925151719488
03-01-05-02-01-01-16,Actor_16/03-01-05-02-01-01-16.wav,16,F,angry,4,strong,1,1,0.9,0.7106540795684423
03-01-05-02-01-02-16,Actor_16/03-01-05-02-01-02-16.wav,16,F,angry,4,strong,1,2,0.9,0.7106540795684423
03-01-05-02-02-01-16,Actor_16/03-01-05-02-02-01-16.wav,16,F,angry,4,strong,2,1,1.0,0.7896156439649359
03-01-05-02-02-02-16,Actor_16/03-01-05-02-02-02-16.wav,16,F,angry,4,strong,2,2,0.9,0.7106540795684423
03-01-06-01-01-01-16,Actor_16/03-01-06-01-01-01-16.wav,16,F,fearful,5,normal,1,1,0.7,0.556746729154462
03-01-06-01-01-02-16,Actor_16/03-01-06-01-01-02-16.wav,16,F,fearful,5,normal,1,2,0.8,0.636281976176528
03-01-06-01-02-01-16,Actor_16/03-01-06-01-02-01-16.wav,16,F,fearful,5,normal,2,1,0.6,0.477211482132396
03-01-06-01-02-02-16,Actor_16/03-01-06-01-02-02-16.wav,16,F,fearful,5,normal,2,2,0.9,0.7158172231985941
03-01-06-02-01-01-16,Actor_16/03-01-06-02-01-01-16.wav,16,F,fearful,5,strong,1,1,0.8,0.636281976176528
03-01-06-02-01-02-16,Actor_16/03-01-06-02-01-02-16.wav,16,F,fearful,5,strong,1,2,0.7,0.556746729154462
03-01-06-02-02-01-16,Actor_16/03-01-06-02-02-01-16.wav,16,F,fearful,5,strong,2,1,0.8,0.636281976176528
03-01-06-02-02-02-16,Actor_16/03-01-06-02-02-02-16.wav,16,F,fearful,5,strong,2,2,1.0,0.79535247022066
03-01-07-01-01-01-16,Actor_16/03-01-07-01-01-01-16.wav,16,F,disgust,6,normal,1,1,0.8,0.6262563303467082
03-01-07-01-01-02-16,Actor_16/03-01-07-01-01-02-16.wav,16,F,disgust,6,normal,1,2,0.9,0.7045383716400467
03-01-07-01-02-01-16,Actor_16/03-01-07-01-02-01-16.wav,16,F,disgust,6,normal,2,1,0.9,0.7045383716400467
03-01-07-01-02-02-16,Actor_16/03-01-07-01-02-02-16.wav,16,F,disgust,6,normal,2,2,0.8,0.6262563303467082
03-01-07-02-01-01-16,Actor_16/03-01-07-02-01-01-16.wav,16,F,disgust,6,strong,1,1,0.7,0.5479742890533696
03-01-07-02-01-02-16,Actor_16/03-01-07-02-01-02-16.wav,16,F,disgust,6,strong,1,2,0.2,0.15656408258667706
03-01-07-02-02-01-16,Actor_16/03-01-07-02-02-01-16.wav,16,F,disgust,6,strong,2,1,0.2,0.15656408258667706
03-01-07-02-02-02-16,Actor_16/03-01-07-02-02-02-16.wav,16,F,disgust,6,strong,2,2,0.3,0.23484612388001555
03-01-08-01-01-01-16,Actor_16/03-01-08-01-01-01-16.wav,16,F,surprised,7,normal,1,1,0.0,0.0
03-01-08-01-01-02-16,Actor_16/03-01-08-01-01-02-16.wav,16,F,surprised,7,normal,1,2,0.3,0.22967457253171536
03-01-08-01-02-01-16,Actor_16/03-01-08-01-02-01-16.wav,16,F,surprised,7,normal,2,1,0.5,0.38279095421952564
03-01-08-01-02-02-16,Actor_16/03-01-08-01-02-02-16.wav,16,F,surprised,7,normal,2,2,0.4,0.30623276337562055
03-01-08-02-01-01-16,Actor_16/03-01-08-02-01-01-16.wav,16,F,surprised,7,strong,1,1,0.4,0.30623276337562055
03-01-08-02-01-02-16,Actor_16/03-01-08-02-01-02-16.wav,16,F,surprised,7,strong,1,2,0.6,0.4593491450634307
03-01-08-02-02-01-16,Actor_16/03-01-08-02-02-01-16.wav,16,F,surprised,7,strong,2,1,0.8,0.6124655267512411
03-01-08-02-02-02-16,Actor_16/03-01-08-02-02-02-16.wav,16,F,surprised,7,strong,2,2,0.6,0.4593491450634307
03-01-01-01-01-01-17,Actor_17/03-01-01-01-01-01-17.wav,17,M,neutral,0,normal,1,1,0.8,0.5505594257969179
03-01-01-01-01-02-17,Actor_17/03-01-01-01-01-02-17.wav,17,M,neutral,0,normal,1,2,0.9,0.6193793540215327
03-01-01-01-02-01-17,Actor_17/03-01-01-01-02-01-17.wav,17,M,neutral,0,normal,2,1,1.0,0.6881992822461473
03-01-01-01-02-02-17,Actor_17/03-01-01-01-02-02-17.wav,17,M,neutral,0,normal,2,2,1.0,0.6881992822461473
03-01-02-01-01-01-17,Actor_17/03-01-02-01-01-01-17.wav,17,M,calm,1,normal,1,1,0.8,0.5505594257969179
03-01-02-01-01-02-17,Actor_17/03-01-02-01-01-02-17.wav,17,M,calm,1,normal,1,2,0.9,0.6193793540215327
03-01-02-01-02-01-17,Actor_17/03-01-02-01-02-01-17.wav,17,M,calm,1,normal,2,1,1.0,0.6881992822461473
03-01-02-01-02-02-17,Actor_17/03-01-02-01-02-02-17.wav,17,M,calm,1,normal,2,2,0.7,0.4817394975723031
03-01-02-02-01-01-17,Actor_17/03-01-02-02-01-01-17.wav,17,M,calm,1,strong,1,1,0.8,0.5505594257969179
03-01-02-02-01-02-17,Actor_17/03-01-02-02-01-02-17.wav,17,M,calm,1,strong,1,2,0.6,0.4129195693476884
03-01-02-02-02-01-17,Actor_17/03-01-02-02-02-01-17.wav,17,M,calm,1,strong,2,1,0.8,0.5505594257969179
03-01-02-02-02-02-17,Actor_17/03-01-02-02-02-02-17.wav,17,M,calm,1,strong,2,2,0.9,0.6193793540215327
03-01-03-01-01-01-17,Actor_17/03-01-03-01-01-01-17.wav,17,M,happy,2,normal,1,1,0.0,0.0
03-01-03-01-01-02-17,Actor_17/03-01-03-01-01-02-17.wav,17,M,happy,2,normal,1,2,0.0,0.0
03-01-03-01-02-01-17,Actor_17/03-01-03-01-02-01-17.wav,17,M,happy,2,normal,2,1,0.1,0.07168576104746317
03-01-03-01-02-02-17,Actor_17/03-01-03-01-02-02-17.wav,17,M,happy,2,normal,2,2,0.0,0.0
03-01-03-02-01-01-17,Actor_17/03-01-03-02-01-01-17.wav,17,M,happy,2,strong,1,1,0.1,0.07168576104746317
03-01-03-02-01-02-17,Actor_17/03-01-03-02-01-02-17.wav,17,M,happy,2,strong,1,2,0.2,0.14337152209492635
03-01-03-02-02-01-17,Actor_17/03-01-03-02-02-01-17.wav,17,M,happy,2,strong,2,1,0.1,0.07168576104746317
03-01-03-02-02-02-17,Actor_17/03-01-03-02-02-02-17.wav,17,M,happy,2,strong,2,2,0.0,0.0
03-01-04-01-01-01-17,Actor_17/03-01-04-01-01-01-17.wav,17,M,sad,3,normal,1,1,0.1,0.06872549019607843
03-01-04-01-01-02-17,Actor_17/03-01-04-01-01-02-17.wav,17,M,sad,3,normal,1,2,0.2,0.13745098039215686
03-01-04-01-02-01-17,Actor_17/03-01-04-01-02-01-17.wav,17,M,sad,3,normal,2,1,0.2,0.13745098039215686
03-01-04-01-02-02-17,Actor_17/03-01-04-01-02-02-17.wav,17,M,sad,3,normal,2,2,0.1,0.06872549019607843
03-01-04-02-01-01-17,Actor_17/03-01-04-02-01-01-17.wav,17,M,sad,3,strong,1,1,0.3,0.2061764705882353
03-01-04-02-01-02-17,Actor_17/03-01-04-02-01-02-17.wav,17,M,sad,3,strong,1,2,0.2,0.13745098039215686
03-01-04-02-02-01-17,Actor_17/03-01-04-02-02-01-17.wav,17,M,sad,3,strong,2,1,0.1,0.06872549019607843
03-01-04-02-02-02-17,Actor_17/03-01-04-02-02-02-17.wav,17,M,sad,3,strong,2,2,0.0,0.0
03-01-05-01-01-01-17,Actor_17/03-01-05-01-01-01-17.wav,17,M,angry,4,normal,1,1,0.2,0.1579231287929872
03-01-05-01-01-02-17,Actor_17/03-01-05-01-01-02-17.wav,17,M,angry,4,normal,1,2,0.1,0.0789615643964936
03-01-05-01-02-01-17,Actor_17/03-01-05-01-02-01-17.wav,17,M,angry,4,normal,2,1,0.4,0.3158462575859744
03-01-05-01-02-02-17,Actor_17/03-01-05-01-02-02-17.wav,17,M,angry,4,normal,2,2,0.2,0.1579231287929872
03-01-05-02-01-01-17,Actor_17/03-01-05-02-01-01-17.wav,17,M,angry,4,strong,1,1,0.6,0.4737693863789615
03-01-05-02-01-02-17,Actor_17/03-01-05-02-01-02-17.wav,17,M,angry,4,strong,1,2,1.0,0.7896156439649359
03-01-05-02-02-01-17,Actor_17/03-01-05-02-02-01-17.wav,17,M,angry,4,strong,2,1,0.8,0.6316925151719488
03-01-05-02-02-02-17,Actor_17/03-01-05-02-02-02-17.wav,17,M,angry,4,strong,2,2,0.9,0.7106540795684423
03-01-06-01-01-01-17,Actor_17/03-01-06-01-01-01-17.wav,17,M,fearful,5,normal,1,1,0.7,0.556746729154462
03-01-06-01-01-02-17,Actor_17/03-01-06-01-01-02-17.wav,17,M,fearful,5,normal,1,2,1.0,0.79535247022066
03-01-06-01-02-01-17,Actor_17/03-01-06-01-02-01-17.wav,17,M,fearful,5,normal,2,1,0.9,0.7158172231985941
03-01-06-01-02-02-17,Actor_17/03-01-06-01-02-02-17.wav,17,M,fearful,5,normal,2,2,0.7,0.556746729154462
03-01-06-02-01-01-17,Actor_17/03-01-06-02-01-01-17.wav,17,M,fearful,5,strong,1,1,0.3,0.238605741066198
03-01-06-02-01-02-17,Actor_17/03-01-06-02-01-02-17.wav,17,M,fearful,5,strong,1,2,0.4,0.318140988088264
03-01-06-02-02-01-17,Actor_17/03-01-06-02-02-01-17.wav,17,M,fearful,5,strong,2,1,0.2,0.159070494044132
03-01-06-02-02-02-17,Actor_17/03-01-06-02-02-02-17.wav,17,M,fearful,5,strong,2,2,0.4,0.318140988088264
03-01-07-01-01-01-17,Actor_17/03-01-07-01-01-01-17.wav,17,M,disgust,6,normal,1,1,0.1,0.07828204129333853
03-01-07-01-01-02-17,Actor_17/03-01-07-01-01-02-17.wav,17,M,disgust,6,normal,1,2,0.2,0.15656408258667706
03-01-07-01-02-01-17,Actor_17/03-01-07-01-02-01-17.wav,17,M,disgust,6,normal,2,1,0.1,0.07828204129333853
03-01-07-01-02-02-17,Actor_17/03-01-07-01-02-02-17.wav,17,M,disgust,6,normal,2,2,0.4,0.3131281651733541
03-01-07-02-01-01-17,Actor_17/03-01-07-02-01-01-17.wav,17,M,disgust,6,strong,1,1,0.6,0.4696922477600311
03-01-07-02-01-02-17,Actor_17/03-01-07-02-01-02-17.wav,17,M,disgust,6,strong,1,2,0.2,0.15656408258667706
03-01-07-02-02-01-17,Actor_17/03-01-07-02-02-01-17.wav,17,M,disgust,6,strong,2,1,0.2,0.15656408258667706
03-01-07-02-02-02-17,Actor_17/03-01-07-02-02-02-17.wav,17,M,disgust,6,strong,2,2,0.2,0.15656408258667706
03-01-08-01-01-01-17,Actor_17/03-01-08-01-01-01-17.wav,17,M,surprised,7,normal,1,1,0.7,0.5359073359073359
03-01-08-01-01-02-17,Actor_17/03-01-08-01-01-02-17.wav,17,M,surprised,7,normal,1,2,0.5,0.38279095421952564
03-01-08-01-02-01-17,Actor_17/03-01-08-01-02-01-17.wav,17,M,surprised,7,normal,2,1,0.9,0.6890237175951461
03-01-08-01-02-02-17,Actor_17/03-01-08-01-02-02-17.wav,17,M,surprised,7,normal,2,2,0.8,0.6124655267512411
03-01-08-02-01-01-17,Actor_17/03-01-08-02-01-01-17.wav,17,M,surprised,7,strong,1,1,1.0,0.7655819084390513
03-01-08-02-01-02-17,Actor_17/03-01-08-02-01-02-17.wav,17,M,surprised,7,strong,1,2,0.7,0.5359073359073359
03-01-08-02-02-01-17,Actor_17/03-01-08-02-02-01-17.wav,17,M,surprised,7,strong,2,1,0.9,0.6890237175951461
03-01-08-02-02-02-17,Actor_17/03-01-08-02-02-02-17.wav,17,M,surprised,7,strong,2,2,0.9,0.6890237175951461
03-01-01-01-01-01-18,Actor_18/03-01-01-01-01-01-18.wav,18,F,neutral,0,normal,1,1,0.9,0.6193793540215327
03-01-01-01-01-02-18,Actor_18/03-01-01-01-01-02-18.wav,18,F,neutral,0,normal,1,2,0.8,0.5505594257969179
03-01-01-01-02-01-18,Actor_18/03-01-01-01-02-01-18.wav,18,F,neutral,0,normal,2,1,0.9,0.6193793540215327
03-01-01-01-02-02-18,Actor_18/03-01-01-01-02-02-18.wav,18,F,neutral,0,normal,2,2,0.8,0.5505594257969179
03-01-02-01-01-01-18,Actor_18/03-01-02-01-01-01-18.wav,18,F,calm,1,normal,1,1,1.0,0.6881992822461473
03-01-02-01-01-02-18,Actor_18/03-01-02-01-01-02-18.wav,18,F,calm,1,normal,1,2,0.9,0.6193793540215327
03-01-02-01-02-01-18,Actor_18/03-01-02-01-02-01-18.wav,18,F,calm,1,normal,2,1,0.9,0.6193793540215327
03-01-02-01-02-02-18,Actor_18/03-01-02-01-02-02-18.wav,18,F,calm,1,normal,2,2,0.8,0.5505594257969179
03-01-02-02-01-01-18,Actor_18/03-01-02-02-01-01-18.wav,18,F,calm,1,strong,1,1,0.8,0.5505594257969179
03-01-02-02-01-02-18,Actor_18/03-01-02-02-01-02-18.wav,18,F,calm,1,strong,1,2,0.9,0.6193793540215327
03-01-02-02-02-01-18,Actor_18/03-01-02-02-02-01-18.wav,18,F,calm,1,strong,2,1,1.0,0.6881992822461473
03-01-02-02-02-02-18,Actor_18/03-01-02-02-02-02-18.wav,18,F,calm,1,strong,2,2,0.9,0.6193793540215327
03-01-03-01-01-01-18,Actor_18/03-01-03-01-01-01-18.wav,18,F,happy,2,normal,1,1,0.9,0.6451718494271685
03-01-03-01-01-02-18,Actor_18/03-01-03-01-01-02-18.wav,18,F,happy,2,normal,1,2,0.8,0.5734860883797054
03-01-03-01-02-01-18,Actor_18/03-01-03-01-02-01-18.wav,18,F,happy,2,normal,2,1,0.3,0.2150572831423895
03-01-03-01-02-02-18,Actor_18/03-01-03-01-02-02-18.wav,18,F,happy,2,normal,2,2,0.8,0.5734860883797054
03-01-03-02-01-01-18,Actor_18/03-01-03-02-01-01-18.wav,18,F,happy,2,strong,1,1,0.8,0.5734860883797054
03-01-03-02-01-02-18,Actor_18/03-01-03-02-01-02-18.wav,18,F,happy,2,strong,1,2,1.0,0.7168576104746317
03-01-03-02-02-01-18,Actor_18/03-01-03-02-02-01-18.wav,18,F,happy,2,strong,2,1,0.5,0.35842880523731585
03-01-03-02-02-02-18,Actor_18/03-01-03-02-02-02-18.wav,18,F,happy,2,strong,2,2,0.2,0.14337152209492635
03-01-04-01-01-01-18,Actor_18/03-01-04-01-01-01-18.wav,18,F,sad,3,normal,1,1,0.3,0.2061764705882353
03-01-04-01-01-02-18,Actor_18/03-01-04-01-01-02-18.wav,18,F,sad,3,normal,1,2,0.3,0.2061764705882353
03-01-04-01-02-01-18,Actor_18/03-01-04-01-02-01-18.wav,18,F,sad,3,normal,2,1,0.3,0.2061764705882353
03-01-04-01-02-02-18,Actor_18/03-01-04-01-02-02-18.wav,18,F,sad,3,normal,2,2,0.1,0.06872549019607843
03-01-04-02-01-01-18,Actor_18/03-01-04-02-01-01-18.wav,18,F,sad,3,strong,1,1,0.4,0.2749019607843137
03-01-04-02-01-02-18,Actor_18/03-01-04-02-01-02-18.wav,18,F,sad,3,strong,1,2,0.5,0.34362745098039216
03-01-04-02-02-01-18,Actor_18/03-01-04-02-02-01-18.wav,18,F,sad,3,strong,2,1,0.9,0.6185294117647059
03-01-04-02-02-02-18,Actor_18/03-01-04-02-02-02-18.wav,18,F,sad,3,strong,2,2,0.7,0.48107843137254896
03-01-05-01-01-01-18,Actor_18/03-01-05-01-01-01-18.wav,18,F,angry,4,normal,1,1,0.7,0.5527309507754551
03-01-05-01-01-02-18,Actor_18/03-01-05-01-01-02-18.wav,18,F,angry,4,normal,1,2,0.8,0.6316925151719488
03-01-05-01-02-01-18,Actor_18/03-01-05-01-02-01-18.wav,18,F,angry,4,normal,2,1,0.8,0.6316925151719488
03-01-05-01-02-02-18,Actor_18/03-01-05-01-02-02-18.wav,18,F,angry,4,normal,2,2,0.5,0.39480782198246794
03-01-05-02-01-01-18,Actor_18/03-01-05-02-01-01-18.wav,18,F,angry,4,strong,1,1,0.9,0.7106540795684423
03-01-05-02-01-02-18,Actor_18/03-01-05-02-01-02-18.wav,18,F,angry,4,strong,1,2,0.8,0.6316925151719488
03-01-05-02-02-01-18,Actor_18/03-01-05-02-02-01-18.wav,18,F,angry,4,strong,2,1,1.0,0.7896156439649359
03-01-05-02-02-02-18,Actor_18/03-01-05-02-02-02-18.wav,18,F,angry,4,strong,2,2,0.9,0.7106540795684423
03-01-06-01-01-01-18,Actor_18/03-01-06-01-01-01-18.wav,18,F,fearful,5,normal,1,1,0.8,0.636281976176528
03-01-06-01-01-02-18,Actor_18/03-01-06-01-01-02-18.wav,18,F,fearful,5,normal,1,2,0.9,0.7158172231985941
03-01-06-01-02-01-18,Actor_18/03-01-06-01-02-01-18.wav,18,F,fearful,5,normal,2,1,0.6,0.477211482132396
03-01-06-01-02-02-18,Actor_18/03-01-06-01-02-02-18.wav,18,F,fearful,5,normal,2,2,0.7,0.556746729154462
03-01-06-02-01-01-18,Actor_18/03-01-06-02-01-01-18.wav,18,F,fearful,5,strong,1,1,1.0,0.79535247022066
03-01-06-02-01-02-18,Actor_18/03-01-06-02-01-02-18.wav,18,F,fearful,5,strong,1,2,0.9,0.7158172231985941
03-01-06-02-02-01-18,Actor_18/03-01-06-02-02-01-18.wav,18,F,fearful,5,strong,2,1,1.0,0.79535247022066
03-01-06-02-02-02-18,Actor_18/03-01-06-02-02-02-18.wav,18,F,fearful,5,strong,2,2,0.9,0.7158172231985941
03-01-07-01-01-01-18,Actor_18/03-01-07-01-01-01-18.wav,18,F,disgust,6,normal,1,1,0.8,0.6262563303467082
03-01-07-01-01-02-18,Actor_18/03-01-07-01-01-02-18.wav,18,F,disgust,6,normal,1,2,0.5,0.3914102064666926
03-01-07-01-02-01-18,Actor_18/03-01-07-01-02-01-18.wav,18,F,disgust,6,normal,2,1,0.6,0.4696922477600311
03-01-07-01-02-02-18,Actor_18/03-01-07-01-02-02-18.wav,18,F,disgust,6,normal,2,2,1.0,0.7828204129333852
03-01-07-02-01-01-18,Actor_18/03-01-07-02-01-01-18.wav,18,F,disgust,6,strong,1,1,0.6,0.4696922477600311
03-01-07-02-01-02-18,Actor_18/03-01-07-02-01-02-18.wav,18,F,disgust,6,strong,1,2,0.9,0.7045383716400467
03-01-07-02-02-01-18,Actor_18/03-01-07-02-02-01-18.wav,18,F,disgust,6,strong,2,1,0.7,0.5479742890533696
03-01-07-02-02-02-18,Actor_18/03-01-07-02-02-02-18.wav,18,F,disgust,6,strong,2,2,0.5,0.3914102064666926
03-01-08-01-01-01-18,Actor_18/03-01-08-01-01-01-18.wav,18,F,surprised,7,normal,1,1,0.9,0.6890237175951461
03-01-08-01-01-02-18,Actor_18/03-01-08-01-01-02-18.wav,18,F,surprised,7,normal,1,2,0.9,0.6890237175951461
03-01-08-01-02-01-18,Actor_18/03-01-08-01-02-01-18.wav,18,F,surprised,7,normal,2,1,0.9,0.6890237175951461
03-01-08-01-02-02-18,Actor_18/03-01-08-01-02-02-18.wav,18,F,surprised,7,normal,2,2,1.0,0.7655819084390513
03-01-08-02-01-01-18,Actor_18/03-01-08-02-01-01-18.wav,18,F,surprised,7,strong,1,1,0.9,0.6890237175951461
03-01-08-02-01-02-18,Actor_18/03-01-08-02-01-02-18.wav,18,F,surprised,7,strong,1,2,0.9,0.6890237175951461
03-01-08-02-02-01-18,Actor_18/03-01-08-02-02-01-18.wav,18,F,surprised,7,strong,2,1,0.9,0.6890237175951461
03-01-08-02-02-02-18,Actor_18/03-01-08-02-02-02-18.wav,18,F,surprised,7,strong,2,2,0.9,0.6890237175951461
03-01-01-01-01-01-19,Actor_19/03-01-01-01-01-01-19.wav,19,M,neutral,0,normal,1,1,1.0,0.6881992822461473
03-01-01-01-01-02-19,Actor_19/03-01-01-01-01-02-19.wav,19,M,neutral,0,normal,1,2,0.8,0.5505594257969179
03-01-01-01-02-01-19,Actor_19/03-01-01-01-02-01-19.wav,19,M,neutral,0,normal,2,1,0.6,0.4129195693476884
03-01-01-01-02-02-19,Actor_19/03-01-01-01-02-02-19.wav,19,M,neutral,0,normal,2,2,0.8,0.5505594257969179
03-01-02-01-01-01-19,Actor_19/03-01-02-01-01-01-19.wav,19,M,calm,1,normal,1,1,0.7,0.4817394975723031
03-01-02-01-01-02-19,Actor_19/03-01-02-01-01-02-19.wav,19,M,calm,1,normal,1,2,0.6,0.4129195693476884
03-01-02-01-02-01-19,Actor_19/03-01-02-01-02-01-19.wav,19,M,calm,1,normal,2,1,0.7,0.4817394975723031
03-01-02-01-02-02-19,Actor_19/03-01-02-01-02-02-19.wav,19,M,calm,1,normal,2,2,0.6,0.4129195693476884
03-01-02-02-01-01-19,Actor_19/03-01-02-02-01-01-19.wav,19,M,calm,1,strong,1,1,0.6,0.4129195693476884
03-01-02-02-01-02-19,Actor_19/03-01-02-02-01-02-19.wav,19,M,calm,1,strong,1,2,0.3,0.2064597846738442
03-01-02-02-02-01-19,Actor_19/03-01-02-02-02-01-19.wav,19,M,calm,1,strong,2,1,0.4,0.27527971289845893
03-01-02-02-02-02-19,Actor_19/03-01-02-02-02-02-19.wav,19,M,calm,1,strong,2,2,0.5,0.3440996411230737
03-01-03-01-01-01-19,Actor_19/03-01-03-01-01-01-19.wav,19,M,happy,2,normal,1,1,0.4,0.2867430441898527
03-01-03-01-01-02-19,Actor_19/03-01-03-01-01-02-19.wav,19,M,happy,2,normal,1,2,0.7,0.5018003273322421
03-01-03-01-02-01-19,Actor_19/03-01-03-01-02-01-19.wav,19,M,happy,2,normal,2,1,0.2,0.14337152209492635
03-01-03-01-02-02-19,Actor_19/03-01-03-01-02-02-19.wav,19,M,happy,2,normal,2,2,0.1,0.07168576104746317
03-01-03-02-01-01-19,Actor_19/03-01-03-02-01-01-19.wav,19,M,happy,2,strong,1,1,0.3,0.2150572831423895
03-01-03-02-01-02-19,Actor_19/03-01-03-02-01-02-19.wav,19,M,happy,2,strong,1,2,0.4,0.2867430441898527
03-01-03-02-02-01-19,Actor_19/03-01-03-02-02-01-19.wav,19,M,happy,2,strong,2,1,0.2,0.14337152209492635
03-01-03-02-02-02-19,Actor_19/03-01-03-02-02-02-19.wav,19,M,happy,2,strong,2,2,0.0,0.0
03-01-04-01-01-01-19,Actor_19/03-01-04-01-01-01-19.wav,19,M,sad,3,normal,1,1,0.4,0.2749019607843137
03-01-04-01-01-02-19,Actor_19/03-01-04-01-01-02-19.wav,19,M,sad,3,normal,1,2,0.5,0.34362745098039216
03-01-04-01-02-01-19,Actor_19/03-01-04-01-02-01-19.wav,19,M,sad,3,normal,2,1,0.3,0.2061764705882353
03-01-04-01-02-02-19,Actor_19/03-01-04-01-02-02-19.wav,19,M,sad,3,normal,2,2,0.3,0.2061764705882353
03-01-04-02-01-01-19,Actor_19/03-01-04-02-01-01-19.wav,19,M,sad,3,strong,1,1,1.0,0.6872549019607843
03-01-04-02-01-02-19,Actor_19/03-01-04-02-01-02-19.wav,19,M,sad,3,strong,1,2,1.0,0.6872549019607843
03-01-04-02-02-01-19,Actor_19/03-01-04-02-02-01-19.wav,19,M,sad,3,strong,2,1,0.8,0.5498039215686275
03-01-04-02-02-02-19,Actor_19/03-01-04-02-02-02-19.wav,19,M,sad,3,strong,2,2,1.0,0.6872549019607843
03-01-05-01-01-01-19,Actor_19/03-01-05-01-01-01-19.wav,19,M,angry,4,normal,1,1,0.8,0.6316925151719488
03-01-05-01-01-02-19,Actor_19/03-01-05-01-01-02-19.wav,19,M,angry,4,normal,1,2,0.9,0.7106540795684423
03-01-05-01-02-01-19,Actor_19/03-01-05-01-02-01-19.wav,19,M,angry,4,normal,2,1,0.1,0.0789615643964936
03-01-05-01-02-02-19,Actor_19/03-01-05-01-02-02-19.wav,19,M,angry,4,normal,2,2,0.5,0.39480782198246794
03-01-05-02-01-01-19,Actor_19/03-01-05-02-01-01-19.wav,19,M,angry,4,strong,1,1,0.9,0.7106540795684423
03-01-05-02-01-02-19,Actor_19/03-01-05-02-01-02-19.wav,19,M,angry,4,strong,1,2,1.0,0.7896156439649359
03-01-05-02-02-01-19,Actor_19/03-01-05-02-02-01-19.wav,19,M,angry,4,strong,2,1,1.0,0.7896156439649359
03-01-05-02-02-02-19,Actor_19/03-01-05-02-02-02-19.wav,19,M,angry,4,strong,2,2,0.9,0.7106540795684423
03-01-06-01-01-01-19,Actor_19/03-01-06-01-01-01-19.wav,19,M,fearful,5,normal,1,1,0.8,0.636281976176528
03-01-06-01-01-02-19,Actor_19/03-01-06-01-01-02-19.wav,19,M,fearful,5,normal,1,2,0.4,0.318140988088264
03-01-06-01-02-01-19,Actor_19/03-01-06-01-02-01-19.wav,19,M,fearful,5,normal,2,1,0.8,0.636281976176528
03-01-06-01-02-02-19,Actor_19/03-01-06-01-02-02-19.wav,19,M,fearful,5,normal,2,2,0.7,0.556746729154462
03-01-06-02-01-01-19,Actor_19/03-01-06-02-01-01-19.wav,19,M,fearful,5,strong,1,1,0.4,0.318140988088264
03-01-06-02-01-02-19,Actor_19/03-01-06-02-01-02-19.wav,19,M,fearful,5,strong,1,2,0.3,0.238605741066198
03-01-06-02-02-01-19,Actor_19/03-01-06-02-02-01-19.wav,19,M,fearful,5,strong,2,1,0.9,0.7158172231985941
03-01-06-02-02-02-19,Actor_19/03-01-06-02-02-02-19.wav,19,M,fearful,5,strong,2,2,0.8,0.636281976176528
03-01-07-01-01-01-19,Actor_19/03-01-07-01-01-01-19.wav,19,M,disgust,6,normal,1,1,1.0,0.7828204129333852
03-01-07-01-01-02-19,Actor_19/03-01-07-01-01-02-19.wav,19,M,disgust,6,normal,1,2,0.7,0.5479742890533696
03-01-07-01-02-01-19,Actor_19/03-01-07-01-02-01-19.wav,19,M,disgust,6,normal,2,1,1.0,0.7828204129333852
03-01-07-01-02-02-19,Actor_19/03-01-07-01-02-02-19.wav,19,M,disgust,6,normal,2,2,0.5,0.3914102064666926
03-01-07-02-01-01-19,Actor_19/03-01-07-02-01-01-19.wav,19,M,disgust,6,strong,1,1,0.6,0.4696922477600311
03-01-07-02-01-02-19,Actor_19/03-01-07-02-01-02-19.wav,19,M,disgust,6,strong,1,2,0.5,0.3914102064666926
03-01-07-02-02-01-19,Actor_19/03-01-07-02-02-01-19.wav,19,M,disgust,6,strong,2,1,0.4,0.3131281651733541
03-01-07-02-02-02-19,Actor_19/03-01-07-02-02-02-19.wav,19,M,disgust,6,strong,2,2,0.7,0.5479742890533696
03-01-08-01-01-01-19,Actor_19/03-01-08-01-01-01-19.wav,19,M,surprised,7,normal,1,1,0.4,0.30623276337562055
03-01-08-01-01-02-19,Actor_19/03-01-08-01-01-02-19.wav,19,M,surprised,7,normal,1,2,0.4,0.30623276337562055
03-01-08-01-02-01-19,Actor_19/03-01-08-01-02-01-19.wav,19,M,surprised,7,normal,2,1,0.6,0.4593491450634307
03-01-08-01-02-02-19,Actor_19/03-01-08-01-02-02-19.wav,19,M,surprised,7,normal,2,2,1.0,0.7655819084390513
03-01-08-02-01-01-19,Actor_19/03-01-08-02-01-01-19.wav,19,M,surprised,7,strong,1,1,1.0,0.7655819084390513
03-01-08-02-01-02-19,Actor_19/03-01-08-02-01-02-19.wav,19,M,surprised,7,strong,1,2,1.0,0.7655819084390513
03-01-08-02-02-01-19,Actor_19/03-01-08-02-02-01-19.wav,19,M,surprised,7,strong,2,1,0.8,0.6124655267512411
03-01-08-02-02-02-19,Actor_19/03-01-08-02-02-02-19.wav,19,M,surprised,7,strong,2,2,0.9,0.6890237175951461
03-01-01-01-01-01-20,Actor_20/03-01-01-01-01-01-20.wav,20,F,neutral,0,normal,1,1,0.9,0.6193793540215327
03-01-01-01-01-02-20,Actor_20/03-01-01-01-01-02-20.wav,20,F,neutral,0,normal,1,2,1.0,0.6881992822461473
03-01-01-01-02-01-20,Actor_20/03-01-01-01-02-01-20.wav,20,F,neutral,0,normal,2,1,1.0,0.6881992822461473
03-01-01-01-02-02-20,Actor_20/03-01-01-01-02-02-20.wav,20,F,neutral,0,normal,2,2,0.9,0.6193793540215327
03-01-02-01-01-01-20,Actor_20/03-01-02-01-01-01-20.wav,20,F,calm,1,normal,1,1,0.7,0.4817394975723031
03-01-02-01-01-02-20,Actor_20/03-01-02-01-01-02-20.wav,20,F,calm,1,normal,1,2,0.8,0.5505594257969179
03-01-02-01-02-01-20,Actor_20/03-01-02-01-02-01-20.wav,20,F,calm,1,normal,2,1,0.8,0.5505594257969179
03-01-02-01-02-02-20,Actor_20/03-01-02-01-02-02-20.wav,20,F,calm,1,normal,2,2,0.6,0.4129195693476884
03-01-02-02-01-01-20,Actor_20/03-01-02-02-01-01-20.wav,20,F,calm,1,strong,1,1,0.9,0.6193793540215327
03-01-02-02-01-02-20,Actor_20/03-01-02-02-01-02-20.wav,20,F,calm,1,strong,1,2,0.8,0.5505594257969179
03-01-02-02-02-01-20,Actor_20/03-01-02-02-02-01-20.wav,20,F,calm,1,strong,2,1,0.3,0.2064597846738442
03-01-02-02-02-02-20,Actor_20/03-01-02-02-02-02-20.wav,20,F,calm,1,strong,2,2,0.6,0.4129195693476884
03-01-03-01-01-01-20,Actor_20/03-01-03-01-01-01-20.wav,20,F,happy,2,normal,1,1,0.7,0.5018003273322421
03-01-03-01-01-02-20,Actor_20/03-01-03-01-01-02-20.wav,20,F,happy,2,normal,1,2,0.2,0.14337152209492635
03-01-03-01-02-01-20,Actor_20/03-01-03-01-02-01-20.wav,20,F,happy,2,normal,2,1,0.0,0.0
03-01-03-01-02-02-20,Actor_20/03-01-03-01-02-02-20.wav,20,F,happy,2,normal,2,2,0.4,0.2867430441898527
03-01-03-02-01-01-20,Actor_20/03-01-03-02-01-01-20.wav,20,F,happy,2,strong,1,1,0.8,0.5734860883797054
03-01-03-02-01-02-20,Actor_20/03-01-03-02-01-02-20.wav,20,F,happy,2,strong,1,2,0.8,0.5734860883797054
03-01-03-02-02-01-20,Actor_20/03-01-03-02-02-01-20.wav,20,F,happy,2,strong,2,1,0.0,0.0
03-01-03-02-02-02-20,Actor_20/03-01-03-02-02-02-20.wav,20,F,happy,2,strong,2,2,0.1,0.07168576104746317
03-01-04-01-01-01-20,Actor_20/03-01-04-01-01-01-20.wav,20,F,sad,3,normal,1,1,0.5,0.34362745098039216
03-01-04-01-01-02-20,Actor_20/03-01-04-01-01-02-20.wav,20,F,sad,3,normal,1,2,0.6,0.4123529411764706
03-01-04-01-02-01-20,Actor_20/03-01-04-01-02-01-20.wav,20,F,sad,3,normal,2,1,0.5,0.34362745098039216
03-01-04-01-02-02-20,Actor_20/03-01-04-01-02-02-20.wav,20,F,sad,3,normal,2,2,0.6,0.4123529411764706
03-01-04-02-01-01-20,Actor_20/03-01-04-02-01-01-20.wav,20,F,sad,3,strong,1,1,0.9,0.6185294117647059
03-01-04-02-01-02-20,Actor_20/03-01-04-02-01-02-20.wav,20,F,sad,3,strong,1,2,1.0,0.6872549019607843
03-01-04-02-02-01-20,Actor_20/03-01-04-02-02-01-20.wav,20,F,sad,3,strong,2,1,0.9,0.6185294117647059
03-01-04-02-02-02-20,Actor_20/03-01-04-02-02-02-20.wav,20,F,sad,3,strong,2,2,1.0,0.6872549019607843
03-01-05-01-01-01-20,Actor_20/03-01-05-01-01-01-20.wav,20,F,angry,4,normal,1,1,0.0,0.0
03-01-05-01-01-02-20,Actor_20/03-01-05-01-01-02-20.wav,20,F,angry,4,normal,1,2,0.4,0.3158462575859744
03-01-05-01-02-01-20,Actor_20/03-01-05-01-02-01-20.wav,20,F,angry,4,normal,2,1,0.4,0.3158462575859744
03-01-05-01-02-02-20,Actor_20/03-01-05-01-02-02-20.wav,20,F,angry,4,normal,2,2,0.4,0.3158462575859744
03-01-05-02-01-01-20,Actor_20/03-01-05-02-01-01-20.wav,20,F,angry,4,strong,1,1,1.0,0.7896156439649359
03-01-05-02-01-02-20,Actor_20/03-01-05-02-01-02-20.wav,20,F,angry,4,strong,1,2,0.9,0.7106540795684423
03-01-05-02-02-01-20,Actor_20/03-01-05-02-02-01-20.wav,20,F,angry,4,strong,2,1,0.9,0.7106540795684423
03-01-05-02-02-02-20,Actor_20/03-01-05-02-02-02-20.wav,20,F,angry,4,strong,2,2,0.8,0.6316925151719488
03-01-06-01-01-01-20,Actor_20/03-01-06-01-01-01-20.wav,20,F,fearful,5,normal,1,1,0.3,0.238605741066198
03-01-06-01-01-02-20,Actor_20/03-01-06-01-01-02-20.wav,20,F,fearful,5,normal,1,2,0.7,0.556746729154462
03-01-06-01-02-01-20,Actor_20/03-01-06-01-02-01-20.wav,20,F,fearful,5,normal,2,1,0.6,0.477211482132396
03-01-06-01-02-02-20,Actor_20/03-01-06-01-02-02-20.wav,20,F,fearful,5,normal,2,2,0.6,0.477211482132396
03-01-06-02-01-01-20,Actor_20/03-01-06-02-01-01-20.wav,20,F,fearful,5,strong,1,1,0.9,0.7158172231985941
03-01-06-02-01-02-20,Actor_20/03-01-06-02-01-02-20.wav,20,F,fearful,5,strong,1,2,0.9,0.7158172231985941
03-01-06-02-02-01-20,Actor_20/03-01-06-02-02-01-20.wav,20,F,fearful,5,strong,2,1,0.7,0.556746729154462
03-01-06-02-02-02-20,Actor_20/03-01-06-02-02-02-20.wav,20,F,fearful,5,strong,2,2,1.0,0.79535247022066
03-01-07-01-01-01-20,Actor_20/03-01-07-01-01-01-20.wav,20,F,disgust,6,normal,1,1,0.8,0.6262563303467082
03-01-07-01-01-02-20,Actor_20/03-01-07-01-01-02-20.wav,20,F,disgust,6,normal,1,2,1.0,0.7828204129333852
03-01-07-01-02-01-20,Actor_20/03-01-07-01-02-01-20.wav,20,F,disgust,6,normal,2,1,0.5,0.3914102064666926
03-01-07-01-02-02-20,Actor_20/03-01-07-01-02-02-20.wav,20,F,disgust,6,normal,2,2,0.6,0.4696922477600311
03-01-07-02-01-01-20,Actor_20/03-01-07-02-01-01-20.wav,20,F,disgust,6,strong,1,1,0.8,0.6262563303467082
03-01-07-02-01-02-20,Actor_20/03-01-07-02-01-02-20.wav,20,F,disgust,6,strong,1,2,0.4,0.3131281651733541
03-01-07-02-02-01-20,Actor_20/03-01-07-02-02-01-20.wav,20,F,disgust,6,strong,2,1,0.9,0.7045383716400467
03-01-07-02-02-02-20,Actor_20/03-01-07-02-02-02-20.wav,20,F,disgust,6,strong,2,2,0.3,0.23484612388001555
03-01-08-01-01-01-20,Actor_20/03-01-08-01-01-01-20.wav,20,F,surprised,7,normal,1,1,0.3,0.22967457253171536
03-01-08-01-01-02-20,Actor_20/03-01-08-01-01-02-20.wav,20,F,surprised,7,normal,1,2,0.4,0.30623276337562055
03-01-08-01-02-01-20,Actor_20/03-01-08-01-02-01-20.wav,20,F,surprised,7,normal,2,1,0.4,0.30623276337562055
03-01-08-01-02-02-20,Actor_20/03-01-08-01-02-02-20.wav,20,F,surprised,7,normal,2,2,0.6,0.4593491450634307
03-01-08-02-01-01-20,Actor_20/03-01-08-02-01-01-20.wav,20,F,surprised,7,strong,1,1,0.3,0.22967457253171536
03-01-08-02-01-02-20,Actor_20/03-01-08-02-01-02-20.wav,20,F,surprised,7,strong,1,2,0.9,0.6890237175951461
03-01-08-02-02-01-20,Actor_20/03-01-08-02-02-01-20.wav,20,F,surprised,7,strong,2,1,0.5,0.38279095421952564
03-01-08-02-02-02-20,Actor_20/03-01-08-02-02-02-20.wav,20,F,surprised,7,strong,2,2,0.2,0.15311638168781028
03-01-01-01-01-01-21,Actor_21/03-01-01-01-01-01-21.wav,21,M,neutral,0,normal,1,1,0.9,0.6193793540215327
03-01-01-01-01-02-21,Actor_21/03-01-01-01-01-02-21.wav,21,M,neutral,0,normal,1,2,0.9,0.6193793540215327
03-01-01-01-02-01-21,Actor_21/03-01-01-01-02-01-21.wav,21,M,neutral,0,normal,2,1,1.0,0.6881992822461473
03-01-01-01-02-02-21,Actor_21/03-01-01-01-02-02-21.wav,21,M,neutral,0,normal,2,2,1.0,0.6881992822461473
03-01-02-01-01-01-21,Actor_21/03-01-02-01-01-01-21.wav,21,M,calm,1,normal,1,1,0.6,0.4129195693476884
03-01-02-01-01-02-21,Actor_21/03-01-02-01-01-02-21.wav,21,M,calm,1,normal,1,2,0.8,0.5505594257969179
03-01-02-01-02-01-21,Actor_21/03-01-02-01-02-01-21.wav,21,M,calm,1,normal,2,1,1.0,0.6881992822461473
03-01-02-01-02-02-21,Actor_21/03-01-02-01-02-02-21.wav,21,M,calm,1,normal,2,2,0.8,0.5505594257969179
03-01-02-02-01-01-21,Actor_21/03-01-02-02-01-01-21.wav,21,M,calm,1,strong,1,1,0.9,0.6193793540215327
03-01-02-02-01-02-21,Actor_21/03-01-02-02-01-02-21.wav,21,M,calm,1,strong,1,2,0.8,0.5505594257969179
03-01-02-02-02-01-21,Actor_21/03-01-02-02-02-01-21.wav,21,M,calm,1,strong,2,1,0.7,0.4817394975723031
03-01-02-02-02-02-21,Actor_21/03-01-02-02-02-02-21.wav,21,M,calm,1,strong,2,2,0.5,0.3440996411230737
03-01-03-01-01-01-21,Actor_21/03-01-03-01-01-01-21.wav,21,M,happy,2,normal,1,1,0.0,0.0
03-01-03-01-01-02-21,Actor_21/03-01-03-01-01-02-21.wav,21,M,happy,2,normal,1,2,0.0,0.0
03-01-03-01-02-01-21,Actor_21/03-01-03-01-02-01-21.wav,21,M,happy,2,normal,2,1,0.3,0.2150572831423895
03-01-03-01-02-02-21,Actor_21/03-01-03-01-02-02-21.wav,21,M,happy,2,normal,2,2,0.1,0.07168576104746317
03-01-03-02-01-01-21,Actor_21/03-01-03-02-01-01-21.wav,21,M,happy,2,strong,1,1,0.7,0.5018003273322421
03-01-03-02-01-02-21,Actor_21/03-01-03-02-01-02-21.wav,21,M,happy,2,strong,1,2,0.9,0.6451718494271685
03-01-03-02-02-01-21,Actor_21/03-01-03-02-02-01-21.wav,21,M,happy,2,strong,2,1,0.7,0.5018003273322421
03-01-03-02-02-02-21,Actor_21/03-01-03-02-02-02-21.wav,21,M,happy,2,strong,2,2,0.9,0.6451718494271685
03-01-04-01-01-01-21,Actor_21/03-01-04-01-01-01-21.wav,21,M,sad,3,normal,1,1,0.1,0.06872549019607843
03-01-04-01-01-02-21,Actor_21/03-01-04-01-01-02-21.wav,21,M,sad,3,normal,1,2,0.4,0.2749019607843137
03-01-04-01-02-01-21,Actor_21/03-01-04-01-02-01-21.wav,21,M,sad,3,normal,2,1,0.2,0.13745098039215686
03-01-04-01-02-02-21,Actor_21/03-01-04-01-02-02-21.wav,21,M,sad,3,normal,2,2,0.1,0.06872549019607843
03-01-04-02-01-01-21,Actor_21/03-01-04-02-01-01-21.wav,21,M,sad,3,strong,1,1,1.0,0.6872549019607843
03-01-04-02-01-02-21,Actor_21/03-01-04-02-01-02-21.wav,21,M,sad,3,strong,1,2,1.0,0.6872549019607843
03-01-04-02-02-01-21,Actor_21/03-01-04-02-02-01-21.wav,21,M,sad,3,strong,2,1,0.8,0.5498039215686275
03-01-04-02-02-02-21,Actor_21/03-01-04-02-02-02-21.wav,21,M,sad,3,strong,2,2,0.9,0.6185294117647059
03-01-05-01-01-01-21,Actor_21/03-01-05-01-01-01-21.wav,21,M,angry,4,normal,1,1,0.9,0.7106540795684423
03-01-05-01-01-02-21,Actor_21/03-01-05-01-01-02-21.wav,21,M,angry,4,normal,1,2,0.8,0.6316925151719488
03-01-05-01-02-01-21,Actor_21/03-01-05-01-02-01-21.wav,21,M,angry,4,normal,2,1,0.7,0.5527309507754551
03-01-05-01-02-02-21,Actor_21/03-01-05-01-02-02-21.wav,21,M,angry,4,normal,2,2,0.7,0.5527309507754551
03-01-05-02-01-01-21,Actor_21/03-01-05-02-01-01-21.wav,21,M,angry,4,strong,1,1,0.9,0.7106540795684423
03-01-05-02-01-02-21,Actor_21/03-01-05-02-01-02-21.wav,21,M,angry,4,strong,1,2,0.9,0.7106540795684423
03-01-05-02-02-01-21,Actor_21/03-01-05-02-02-01-21.wav,21,M,angry,4,strong,2,1,0.9,0.7106540795684423
03-01-05-02-02-02-21,Actor_21/03-01-05-02-02-02-21.wav,21,M,angry,4,strong,2,2,1.0,0.7896156439649359
03-01-06-01-01-01-21,Actor_21/03-01-06-01-01-01-21.wav,21,M,fearful,5,normal,1,1,0.7,0.556746729154462
03-01-06-01-01-02-21,Actor_21/03-01-06-01-01-02-21.wav,21,M,fearful,5,normal,1,2,0.7,0.556746729154462
03-01-06-01-02-01-21,Actor_21/03-01-06-01-02-01-21.wav,21,M,fearful,5,normal,2,1,0.6,0.477211482132396
03-01-06-01-02-02-21,Actor_21/03-01-06-01-02-02-21.wav,21,M,fearful,5,normal,2,2,0.2,0.159070494044132
03-01-06-02-01-01-21,Actor_21/03-01-06-02-01-01-21.wav,21,M,fearful,5,strong,1,1,0.9,0.7158172231985941
03-01-06-02-01-02-21,Actor_21/03-01-06-02-01-02-21.wav,21,M,fearful,5,strong,1,2,0.8,0.636281976176528
03-01-06-02-02-01-21,Actor_21/03-01-06-02-02-01-21.wav,21,M,fearful,5,strong,2,1,0.9,0.7158172231985941
03-01-06-02-02-02-21,Actor_21/03-01-06-02-02-02-21.wav,21,M,fearful,5,strong,2,2,0.8,0.636281976176528
03-01-07-01-01-01-21,Actor_21/03-01-07-01-01-01-21.wav,21,M,disgust,6,normal,1,1,0.7,0.5479742890533696
03-01-07-01-01-02-21,Actor_21/03-01-07-01-01-02-21.wav,21,M,disgust,6,normal,1,2,0.8,0.6262563303467082
03-01-07-01-02-01-21,Actor_21/03-01-07-01-02-01-21.wav,21,M,disgust,6,normal,2,1,0.2,0.15656408258667706
03-01-07-01-02-02-21,Actor_21/03-01-07-01-02-02-21.wav,21,M,disgust,6,normal,2,2,0.5,0.3914102064666926
03-01-07-02-01-01-21,Actor_21/03-01-07-02-01-01-21.wav,21,M,disgust,6,strong,1,1,0.7,0.5479742890533696
03-01-07-02-01-02-21,Actor_21/03-01-07-02-01-02-21.wav,21,M,disgust,6,strong,1,2,0.6,0.4696922477600311
03-01-07-02-02-01-21,Actor_21/03-01-07-02-02-01-21.wav,21,M,disgust,6,strong,2,1,0.9,0.7045383716400467
03-01-07-02-02-02-21,Actor_21/03-01-07-02-02-02-21.wav,21,M,disgust,6,strong,2,2,0.6,0.4696922477600311
03-01-08-01-01-01-21,Actor_21/03-01-08-01-01-01-21.wav,21,M,surprised,7,normal,1,1,0.9,0.6890237175951461
03-01-08-01-01-02-21,Actor_21/03-01-08-01-01-02-21.wav,21,M,surprised,7,normal,1,2,0.8,0.6124655267512411
03-01-08-01-02-01-21,Actor_21/03-01-08-01-02-01-21.wav,21,M,surprised,7,normal,2,1,0.9,0.6890237175951461
03-01-08-01-02-02-21,Actor_21/03-01-08-01-02-02-21.wav,21,M,surprised,7,normal,2,2,1.0,0.7655819084390513
03-01-08-02-01-01-21,Actor_21/03-01-08-02-01-01-21.wav,21,M,surprised,7,strong,1,1,1.0,0.7655819084390513
03-01-08-02-01-02-21,Actor_21/03-01-08-02-01-02-21.wav,21,M,surprised,7,strong,1,2,0.9,0.6890237175951461
03-01-08-02-02-01-21,Actor_21/03-01-08-02-02-01-21.wav,21,M,surprised,7,strong,2,1,1.0,0.7655819084390513
03-01-08-02-02-02-21,Actor_21/03-01-08-02-02-02-21.wav,21,M,surprised,7,strong,2,2,0.8,0.6124655267512411
03-01-01-01-01-01-22,Actor_22/03-01-01-01-01-01-22.wav,22,F,neutral,0,normal,1,1,0.9,0.6193793540215327
03-01-01-01-01-02-22,Actor_22/03-01-01-01-01-02-22.wav,22,F,neutral,0,normal,1,2,0.9,0.6193793540215327
03-01-01-01-02-01-22,Actor_22/03-01-01-01-02-01-22.wav,22,F,neutral,0,normal,2,1,0.9,0.6193793540215327
03-01-01-01-02-02-22,Actor_22/03-01-01-01-02-02-22.wav,22,F,neutral,0,normal,2,2,1.0,0.6881992822461473
03-01-02-01-01-01-22,Actor_22/03-01-02-01-01-01-22.wav,22,F,calm,1,normal,1,1,0.8,0.5505594257969179
03-01-02-01-01-02-22,Actor_22/03-01-02-01-01-02-22.wav,22,F,calm,1,normal,1,2,0.7,0.4817394975723031
03-01-02-01-02-01-22,Actor_22/03-01-02-01-02-01-22.wav,22,F,calm,1,normal,2,1,0.6,0.4129195693476884
03-01-02-01-02-02-22,Actor_22/03-01-02-01-02-02-22.wav,22,F,calm,1,normal,2,2,0.9,0.6193793540215327
03-01-02-02-01-01-22,Actor_22/03-01-02-02-01-01-22.wav,22,F,calm,1,strong,1,1,0.8,0.5505594257969179
03-01-02-02-01-02-22,Actor_22/03-01-02-02-01-02-22.wav,22,F,calm,1,strong,1,2,0.8,0.5505594257969179
03-01-02-02-02-01-22,Actor_22/03-01-02-02-02-01-22.wav,22,F,calm,1,strong,2,1,0.8,0.5505594257969179
03-01-02-02-02-02-22,Actor_22/03-01-02-02-02-02-22.wav,22,F,calm,1,strong,2,2,0.9,0.6193793540215327
03-01-03-01-01-01-22,Actor_22/03-01-03-01-01-01-22.wav,22,F,happy,2,normal,1,1,0.2,0.14337152209492635
03-01-03-01-01-02-22,Actor_22/03-01-03-01-01-02-22.wav,22,F,happy,2,normal,1,2,0.0,0.0
03-01-03-01-02-01-22,Actor_22/03-01-03-01-02-01-22.wav,22,F,happy,2,normal,2,1,0.0,0.0
03-01-03-01-02-02-22,Actor_22/03-01-03-01-02-02-22.wav,22,F,happy,2,normal,2,2,0.1,0.07168576104746317
03-01-03-02-01-01-22,Actor_22/03-01-03-02-01-01-22.wav,22,F,happy,2,strong,1,1,0.2,0.14337152209492635
03-01-03-02-01-02-22,Actor_22/03-01-03-02-01-02-22.wav,22,F,happy,2,strong,1,2,0.2,0.14337152209492635
03-01-03-02-02-01-22,Actor_22/03-01-03-02-02-01-22.wav,22,F,happy,2,strong,2,1,0.0,0.0
03-01-03-02-02-02-22,Actor_22/03-01-03-02-02-02-22.wav,22,F,happy,2,strong,2,2,0.2,0.14337152209492635
03-01-04-01-01-01-22,Actor_22/03-01-04-01-01-01-22.wav,22,F,sad,3,normal,1,1,0.5,0.34362745098039216
03-01-04-01-01-02-22,Actor_22/03-01-04-01-01-02-22.wav,22,F,sad,3,normal,1,2,0.7,0.48107843137254896
03-01-04-01-02-01-22,Actor_22/03-01-04-01-02-01-22.wav,22,F,sad,3,normal,2,1,0.6,0.4123529411764706
03-01-04-01-02-02-22,Actor_22/03-01-04-01-02-02-22.wav,22,F,sad,3,normal,2,2,0.6,0.4123529411764706
03-01-04-02-01-01-22,Actor_22/03-01-04-02-01-01-22.wav,22,F,sad,3,strong,1,1,0.5,0.34362745098039216
03-01-04-02-01-02-22,Actor_22/03-01-04-02-01-02-22.wav,22,F,sad,3,strong,1,2,0.4,0.2749019607843137
03-01-04-02-02-01-22,Actor_22/03-01-04-02-02-01-22.wav,22,F,sad,3,strong,2,1,0.9,0.6185294117647059
03-01-04-02-02-02-22,Actor_22/03-01-04-02-02-02-22.wav,22,F,sad,3,strong,2,2,0.1,0.06872549019607843
03-01-05-01-01-01-22,Actor_22/03-01-05-01-01-01-22.wav,22,F,angry,4,normal,1,1,0.7,0.5527309507754551
03-01-05-01-01-02-22,Actor_22/03-01-05-01-01-02-22.wav,22,F,angry,4,normal,1,2,0.5,0.39480782198246794
03-01-05-01-02-01-22,Actor_22/03-01-05-01-02-01-22.wav,22,F,angry,4,normal,2,1,0.5,0.39480782198246794
03-01-05-01-02-02-22,Actor_22/03-01-05-01-02-02-22.wav,22,F,angry,4,normal,2,2,0.7,0.5527309507754551
03-01-05-02-01-01-22,Actor_22/03-01-05-02-01-01-22.wav,22,F,angry,4,strong,1,1,1.0,0.7896156439649359
03-01-05-02-01-02-22,Actor_22/03-01-05-02-01-02-22.wav,22,F,angry,4,strong,1,2,0.9,0.7106540795684423
03-01-05-02-02-01-22,Actor_22/03-01-05-02-02-01-22.wav,22,F,angry,4,strong,2,1,0.9,0.7106540795684423
03-01-05-02-02-02-22,Actor_22/03-01-05-02-02-02-22.wav,22,F,angry,4,strong,2,2,0.9,0.7106540795684423
03-01-06-01-01-01-22,Actor_22/03-01-06-01-01-01-22.wav,22,F,fearful,5,normal,1,1,0.5,0.39767623511033
03-01-06-01-01-02-22,Actor_22/03-01-06-01-01-02-22.wav,22,F,fearful,5,normal,1,2,0.1,0.079535247022066
03-01-06-01-02-01-22,Actor_22/03-01-06-01-02-01-22.wav,22,F,fearful,5,normal,2,1,0.6,0.477211482132396
03-01-06-01-02-02-22,Actor_22/03-01-06-01-02-02-22.wav,22,F,fearful,5,normal,2,2,0.3,0.238605741066198
03-01-06-02-01-01-22,Actor_22/03-01-06-02-01-01-22.wav,22,F,fearful,5,strong,1,1,0.9,0.7158172231985941
03-01-06-02-01-02-22,Actor_22/03-01-06-02-01-02-22.wav,22,F,fearful,5,strong,1,2,0.9,0.7158172231985941
03-01-06-02-02-01-22,Actor_22/03-01-06-02-02-01-22.wav,22,F,fearful,5,strong,2,1,0.9,0.7158172231985941
03-01-06-02-02-02-22,Actor_22/03-01-06-02-02-02-22.wav,22,F,fearful,5,strong,2,2,0.8,0.636281976176528
03-01-07-01-01-01-22,Actor_22/03-01-07-01-01-01-22.wav,22,F,disgust,6,normal,1,1,0.3,0.23484612388001555
03-01-07-01-01-02-22,Actor_22/03-01-07-01-01-02-22.wav,22,F,disgust,6,normal,1,2,0.1,0.07828204129333853
03-01-07-01-02-01-22,Actor_22/03-01-07-01-02-01-22.wav,22,F,disgust,6,normal,2,1,0.2,0.15656408258667706
03-01-07-01-02-02-22,Actor_22/03-01-07-01-02-02-22.wav,22,F,disgust,6,normal,2,2,0.2,0.15656408258667706
03-01-07-02-01-01-22,Actor_22/03-01-07-02-01-01-22.wav,22,F,disgust,6,strong,1,1,0.8,0.6262563303467082
03-01-07-02-01-02-22,Actor_22/03-01-07-02-01-02-22.wav,22,F,disgust,6,strong,1,2,0.7,0.5479742890533696
03-01-07-02-02-01-22,Actor_22/03-01-07-02-02-01-22.wav,22,F,disgust,6,strong,2,1,1.0,0.7828204129333852
03-01-07-02-02-02-22,Actor_22/03-01-07-02-02-02-22.wav,22,F,disgust,6,strong,2,2,0.6,0.4696922477600311
03-01-08-01-01-01-22,Actor_22/03-01-08-01-01-01-22.wav,22,F,surprised,7,normal,1,1,0.7,0.5359073359073359
03-01-08-01-01-02-22,Actor_22/03-01-08-01-01-02-22.wav,22,F,surprised,7,normal,1,2,0.8,0.6124655267512411
03-01-08-01-02-01-22,Actor_22/03-01-08-01-02-01-22.wav,22,F,surprised,7,normal,2,1,0.8,0.6124655267512411
03-01-08-01-02-02-22,Actor_22/03-01-08-01-02-02-22.wav,22,F,surprised,7,normal,2,2,0.7,0.5359073359073359
03-01-08-02-01-01-22,Actor_22/03-01-08-02-01-01-22.wav,22,F,surprised,7,strong,1,1,0.7,0.5359073359073359
03-01-08-02-01-02-22,Actor_22/03-01-08-02-01-02-22.wav,22,F,surprised,7,strong,1,2,0.7,0.5359073359073359
03-01-08-02-02-01-22,Actor_22/03-01-08-02-02-01-22.wav,22,F,surprised,7,strong,2,1,0.8,0.6124655267512411
03-01-08-02-02-02-22,Actor_22/03-01-08-02-02-02-22.wav,22,F,surprised,7,strong,2,2,0.7,0.5359073359073359
03-01-01-01-01-01-23,Actor_23/03-01-01-01-01-01-23.wav,23,M,neutral,0,normal,1,1,1.0,0.6881992822461473
03-01-01-01-01-02-23,Actor_23/03-01-01-01-01-02-23.wav,23,M,neutral,0,normal,1,2,1.0,0.6881992822461473
03-01-01-01-02-01-23,Actor_23/03-01-01-01-02-01-23.wav,23,M,neutral,0,normal,2,1,0.9,0.6193793540215327
03-01-01-01-02-02-23,Actor_23/03-01-01-01-02-02-23.wav,23,M,neutral,0,normal,2,2,1.0,0.6881992822461473
03-01-02-01-01-01-23,Actor_23/03-01-02-01-01-01-23.wav,23,M,calm,1,normal,1,1,1.0,0.6881992822461473
03-01-02-01-01-02-23,Actor_23/03-01-02-01-01-02-23.wav,23,M,calm,1,normal,1,2,1.0,0.6881992822461473
03-01-02-01-02-01-23,Actor_23/03-01-02-01-02-01-23.wav,23,M,calm,1,normal,2,1,1.0,0.6881992822461473
03-01-02-01-02-02-23,Actor_23/03-01-02-01-02-02-23.wav,23,M,calm,1,normal,2,2,1.0,0.6881992822461473
03-01-02-02-01-01-23,Actor_23/03-01-02-02-01-01-23.wav,23,M,calm,1,strong,1,1,0.7,0.4817394975723031
03-01-02-02-01-02-23,Actor_23/03-01-02-02-01-02-23.wav,23,M,calm,1,strong,1,2,0.7,0.4817394975723031
03-01-02-02-02-01-23,Actor_23/03-01-02-02-02-01-23.wav,23,M,calm,1,strong,2,1,1.0,0.6881992822461473
03-01-02-02-02-02-23,Actor_23/03-01-02-02-02-02-23.wav,23,M,calm,1,strong,2,2,0.9,0.6193793540215327
03-01-03-01-01-01-23,Actor_23/03-01-03-01-01-01-23.wav,23,M,happy,2,normal,1,1,0.2,0.14337152209492635
03-01-03-01-01-02-23,Actor_23/03-01-03-01-01-02-23.wav,23,M,happy,2,normal,1,2,0.3,0.2150572831423895
03-01-03-01-02-01-23,Actor_23/03-01-03-01-02-01-23.wav,23,M,happy,2,normal,2,1,0.2,0.14337152209492635
03-01-03-01-02-02-23,Actor_23/03-01-03-01-02-02-23.wav,23,M,happy,2,normal,2,2,0.1,0.07168576104746317
03-01-03-02-01-01-23,Actor_23/03-01-03-02-01-01-23.wav,23,M,happy,2,strong,1,1,0.3,0.2150572831423895
03-01-03-02-01-02-23,Actor_23/03-01-03-02-01-02-23.wav,23,M,happy,2,strong,1,2,0.2,0.14337152209492635
03-01-03-02-02-01-23,Actor_23/03-01-03-02-02-01-23.wav,23,M,happy,2,strong,2,1,0.2,0.14337152209492635
03-01-03-02-02-02-23,Actor_23/03-01-03-02-02-02-23.wav,23,M,happy,2,strong,2,2,0.1,0.07168576104746317
03-01-04-01-01-01-23,Actor_23/03-01-04-01-01-01-23.wav,23,M,sad,3,normal,1,1,0.4,0.2749019607843137
03-01-04-01-01-02-23,Actor_23/03-01-04-01-01-02-23.wav,23,M,sad,3,normal,1,2,0.3,0.2061764705882353
03-01-04-01-02-01-23,Actor_23/03-01-04-01-02-01-23.wav,23,M,sad,3,normal,2,1,0.4,0.2749019607843137
03-01-04-01-02-02-23,Actor_23/03-01-04-01-02-02-23.wav,23,M,sad,3,normal,2,2,0.2,0.13745098039215686
03-01-04-02-01-01-23,Actor_23/03-01-04-02-01-01-23.wav,23,M,sad,3,strong,1,1,0.6,0.4123529411764706
03-01-04-02-01-02-23,Actor_23/03-01-04-02-01-02-23.wav,23,M,sad,3,strong,1,2,0.7,0.48107843137254896
03-01-04-02-02-01-23,Actor_23/03-01-04-02-02-01-23.wav,23,M,sad,3,strong,2,1,0.0,0.0
03-01-04-02-02-02-23,Actor_23/03-01-04-02-02-02-23.wav,23,M,sad,3,strong,2,2,0.4,0.2749019607843137
03-01-05-01-01-01-23,Actor_23/03-01-05-01-01-01-23.wav,23,M,angry,4,normal,1,1,0.3,0.23688469318948074
03-01-05-01-01-02-23,Actor_23/03-01-05-01-01-02-23.wav,23,M,angry,4,normal,1,2,0.3,0.23688469318948074
03-01-05-01-02-01-23,Actor_23/03-01-05-01-02-01-23.wav,23,M,angry,4,normal,2,1,0.1,0.0789615643964936
03-01-05-01-02-02-23,Actor_23/03-01-05-01-02-02-23.wav,23,M,angry,4,normal,2,2,0.3,0.23688469318948074
03-01-05-02-01-01-23,Actor_23/03-01-05-02-01-01-23.wav,23,M,angry,4,strong,1,1,0.8,0.6316925151719488
03-01-05-02-01-02-23,Actor_23/03-01-05-02-01-02-23.wav,23,M,angry,4,strong,1,2,0.9,0.7106540795684423
03-01-05-02-02-01-23,Actor_23/03-01-05-02-02-01-23.wav,23,M,angry,4,strong,2,1,0.7,0.5527309507754551
03-01-05-02-02-02-23,Actor_23/03-01-05-02-02-02-23.wav,23,M,angry,4,strong,2,2,1.0,0.7896156439649359
03-01-06-01-01-01-23,Actor_23/03-01-06-01-01-01-23.wav,23,M,fearful,5,normal,1,1,0.9,0.7158172231985941
03-01-06-01-01-02-23,Actor_23/03-01-06-01-01-02-23.wav,23,M,fearful,5,normal,1,2,0.5,0.39767623511033
03-01-06-01-02-01-23,Actor_23/03-01-06-01-02-01-23.wav,23,M,fearful,5,normal,2,1,0.2,0.159070494044132
03-01-06-01-02-02-23,Actor_23/03-01-06-01-02-02-23.wav,23,M,fearful,5,normal,2,2,0.4,0.318140988088264
03-01-06-02-01-01-23,Actor_23/03-01-06-02-01-01-23.wav,23,M,fearful,5,strong,1,1,0.0,0.0
03-01-06-02-01-02-23,Actor_23/03-01-06-02-01-02-23.wav,23,M,fearful,5,strong,1,2,0.2,0.159070494044132
03-01-06-02-02-01-23,Actor_23/03-01-06-02-02-01-23.wav,23,M,fearful,5,strong,2,1,0.4,0.318140988088264
03-01-06-02-02-02-23,Actor_23/03-01-06-02-02-02-23.wav,23,M,fearful,5,strong,2,2,0.9,0.7158172231985941
03-01-07-01-01-01-23,Actor_23/03-01-07-01-01-01-23.wav,23,M,disgust,6,normal,1,1,0.6,0.4696922477600311
03-01-07-01-01-02-23,Actor_23/03-01-07-01-01-02-23.wav,23,M,disgust,6,normal,1,2,0.2,0.15656408258667706
03-01-07-01-02-01-23,Actor_23/03-01-07-01-02-01-23.wav,23,M,disgust,6,normal,2,1,0.4,0.3131281651733541
03-01-07-01-02-02-23,Actor_23/03-01-07-01-02-02-23.wav,23,M,disgust,6,normal,2,2,0.2,0.15656408258667706
03-01-07-02-01-01-23,Actor_23/03-01-07-02-01-01-23.wav,23,M,disgust,6,strong,1,1,0.9,0.7045383716400467
03-01-07-02-01-02-23,Actor_23/03-01-07-02-01-02-23.wav,23,M,disgust,6,strong,1,2,0.7,0.5479742890533696
03-01-07-02-02-01-23,Actor_23/03-01-07-02-02-01-23.wav,23,M,disgust,6,strong,2,1,0.8,0.6262563303467082
03-01-07-02-02-02-23,Actor_23/03-01-07-02-02-02-23.wav,23,M,disgust,6,strong,2,2,0.7,0.5479742890533696
03-01-08-01-01-01-23,Actor_23/03-01-08-01-01-01-23.wav,23,M,surprised,7,normal,1,1,0.4,0.30623276337562055
03-01-08-01-01-02-23,Actor_23/03-01-08-01-01-02-23.wav,23,M,surprised,7,normal,1,2,0.4,0.30623276337562055
03-01-08-01-02-01-23,Actor_23/03-01-08-01-02-01-23.wav,23,M,surprised,7,normal,2,1,0.4,0.30623276337562055
03-01-08-01-02-02-23,Actor_23/03-01-08-01-02-02-23.wav,23,M,surprised,7,normal,2,2,0.6,0.4593491450634307
03-01-08-02-01-01-23,Actor_23/03-01-08-02-01-01-23.wav,23,M,surprised,7,strong,1,1,0.5,0.38279095421952564
03-01-08-02-01-02-23,Actor_23/03-01-08-02-01-02-23.wav,23,M,surprised,7,strong,1,2,0.6,0.4593491450634307
03-01-08-02-02-01-23,Actor_23/03-01-08-02-02-01-23.wav,23,M,surprised,7,strong,2,1,0.8,0.6124655267512411
03-01-08-02-02-02-23,Actor_23/03-01-08-02-02-02-23.wav,23,M,surprised,7,strong,2,2,0.5,0.38279095421952564
03-01-01-01-01-01-24,Actor_24/03-01-01-01-01-01-24.wav,24,F,neutral,0,normal,1,1,0.7,0.4817394975723031
03-01-01-01-01-02-24,Actor_24/03-01-01-01-01-02-24.wav,24,F,neutral,0,normal,1,2,0.9,0.6193793540215327
03-01-01-01-02-01-24,Actor_24/03-01-01-01-02-01-24.wav,24,F,neutral,0,normal,2,1,1.0,0.6881992822461473
03-01-01-01-02-02-24,Actor_24/03-01-01-01-02-02-24.wav,24,F,neutral,0,normal,2,2,0.8,0.5505594257969179
03-01-02-01-01-01-24,Actor_24/03-01-02-01-01-01-24.wav,24,F,calm,1,normal,1,1,0.7,0.4817394975723031
03-01-02-01-01-02-24,Actor_24/03-01-02-01-01-02-24.wav,24,F,calm,1,normal,1,2,0.9,0.6193793540215327
03-01-02-01-02-01-24,Actor_24/03-01-02-01-02-01-24.wav,24,F,calm,1,normal,2,1,0.7,0.4817394975723031
03-01-02-01-02-02-24,Actor_24/03-01-02-01-02-02-24.wav,24,F,calm,1,normal,2,2,0.8,0.5505594257969179
03-01-02-02-01-01-24,Actor_24/03-01-02-02-01-01-24.wav,24,F,calm,1,strong,1,1,0.8,0.5505594257969179
03-01-02-02-01-02-24,Actor_24/03-01-02-02-01-02-24.wav,24,F,calm,1,strong,1,2,1.0,0.6881992822461473
03-01-02-02-02-01-24,Actor_24/03-01-02-02-02-01-24.wav,24,F,calm,1,strong,2,1,0.8,0.5505594257969179
03-01-02-02-02-02-24,Actor_24/03-01-02-02-02-02-24.wav,24,F,calm,1,strong,2,2,0.8,0.5505594257969179
03-01-03-01-01-01-24,Actor_24/03-01-03-01-01-01-24.wav,24,F,happy,2,normal,1,1,0.0,0.0
03-01-03-01-01-02-24,Actor_24/03-01-03-01-01-02-24.wav,24,F,happy,2,normal,1,2,0.1,0.07168576104746317
03-01-03-01-02-01-24,Actor_24/03-01-03-01-02-01-24.wav,24,F,happy,2,normal,2,1,0.0,0.0
03-01-03-01-02-02-24,Actor_24/03-01-03-01-02-02-24.wav,24,F,happy,2,normal,2,2,0.0,0.0
03-01-03-02-01-01-24,Actor_24/03-01-03-02-01-01-24.wav,24,F,happy,2,strong,1,1,0.7,0.5018003273322421
03-01-03-02-01-02-24,Actor_24/03-01-03-02-01-02-24.wav,24,F,happy,2,strong,1,2,0.6,0.430114566284779
03-01-03-02-02-01-24,Actor_24/03-01-03-02-02-01-24.wav,24,F,happy,2,strong,2,1,0.4,0.2867430441898527
03-01-03-02-02-02-24,Actor_24/03-01-03-02-02-02-24.wav,24,F,happy,2,strong,2,2,0.5,0.35842880523731585
03-01-04-01-01-01-24,Actor_24/03-01-04-01-01-01-24.wav,24,F,sad,3,normal,1,1,0.7,0.48107843137254896
03-01-04-01-01-02-24,Actor_24/03-01-04-01-01-02-24.wav,24,F,sad,3,normal,1,2,0.8,0.5498039215686275
03-01-04-01-02-01-24,Actor_24/03-01-04-01-02-01-24.wav,24,F,sad,3,normal,2,1,0.3,0.2061764705882353
03-01-04-01-02-02-24,Actor_24/03-01-04-01-02-02-24.wav,24,F,sad,3,normal,2,2,0.5,0.34362745098039216
03-01-04-02-01-01-24,Actor_24/03-01-04-02-01-01-24.wav,24,F,sad,3,strong,1,1,0.8,0.5498039215686275
03-01-04-02-01-02-24,Actor_24/03-01-04-02-01-02-24.wav,24,F,sad,3,strong,1,2,0.6,0.4123529411764706
03-01-04-02-02-01-24,Actor_24/03-01-04-02-02-01-24.wav,24,F,sad,3,strong,2,1,0.7,0.48107843137254896
03-01-04-02-02-02-24,Actor_24/03-01-04-02-02-02-24.wav,24,F,sad,3,strong,2,2,0.7,0.48107843137254896
03-01-05-01-01-01-24,Actor_24/03-01-05-01-01-01-24.wav,24,F,angry,4,normal,1,1,0.8,0.6316925151719488
03-01-05-01-01-02-24,Actor_24/03-01-05-01-01-02-24.wav,24,F,angry,4,normal,1,2,0.6,0.4737693863789615
03-01-05-01-02-01-24,Actor_24/03-01-05-01-02-01-24.wav,24,F,angry,4,normal,2,1,0.8,0.6316925151719488
03-01-05-01-02-02-24,Actor_24/03-01-05-01-02-02-24.wav,24,F,angry,4,normal,2,2,0.6,0.4737693863789615
03-01-05-02-01-01-24,Actor_24/03-01-05-02-01-01-24.wav,24,F,angry,4,strong,1,1,0.9,0.7106540795684423
03-01-05-02-01-02-24,Actor_24/03-01-05-02-01-02-24.wav,24,F,angry,4,strong,1,2,1.0,0.7896156439649359
03-01-05-02-02-01-24,Actor_24/03-01-05-02-02-01-24.wav,24,F,angry,4,strong,2,1,0.7,0.5527309507754551
03-01-05-02-02-02-24,Actor_24/03-01-05-02-02-02-24.wav,24,F,angry,4,strong,2,2,1.0,0.7896156439649359
03-01-06-01-01-01-24,Actor_24/03-01-06-01-01-01-24.wav,24,F,fearful,5,normal,1,1,0.5,0.39767623511033
03-01-06-01-01-02-24,Actor_24/03-01-06-01-01-02-24.wav,24,F,fearful,5,normal,1,2,0.5,0.39767623511033
03-01-06-01-02-01-24,Actor_24/03-01-06-01-02-01-24.wav,24,F,fearful,5,normal,2,1,0.8,0.636281976176528
03-01-06-01-02-02-24,Actor_24/03-01-06-01-02-02-24.wav,24,F,fearful,5,normal,2,2,1.0,0.79535247022066
03-01-06-02-01-01-24,Actor_24/03-01-06-02-01-01-24.wav,24,F,fearful,5,strong,1,1,0.4,0.318140988088264
03-01-06-02-01-02-24,Actor_24/03-01-06-02-01-02-24.wav,24,F,fearful,5,strong,1,2,0.8,0.636281976176528
03-01-06-02-02-01-24,Actor_24/03-01-06-02-02-01-24.wav,24,F,fearful,5,strong,2,1,0.8,0.636281976176528
03-01-06-02-02-02-24,Actor_24/03-01-06-02-02-02-24.wav,24,F,fearful,5,strong,2,2,1.0,0.79535247022066
03-01-07-01-01-01-24,Actor_24/03-01-07-01-01-01-24.wav,24,F,disgust,6,normal,1,1,0.8,0.6262563303467082
03-01-07-01-01-02-24,Actor_24/03-01-07-01-01-02-24.wav,24,F,disgust,6,normal,1,2,0.8,0.6262563303467082
03-01-07-01-02-01-24,Actor_24/03-01-07-01-02-01-24.wav,24,F,disgust,6,normal,2,1,0.1,0.07828204129333853
03-01-07-01-02-02-24,Actor_24/03-01-07-01-02-02-24.wav,24,F,disgust,6,normal,2,2,0.9,0.7045383716400467
03-01-07-02-01-01-24,Actor_24/03-01-07-02-01-01-24.wav,24,F,disgust,6,strong,1,1,0.4,0.3131281651733541
03-01-07-02-01-02-24,Actor_24/03-01-07-02-01-02-24.wav,24,F,disgust,6,strong,1,2,0.6,0.4696922477600311
03-01-07-02-02-01-24,Actor_24/03-01-07-02-02-01-24.wav,24,F,disgust,6,strong,2,1,0.9,0.7045383716400467
03-01-07-02-02-02-24,Actor_24/03-01-07-02-02-02-24.wav,24,F,disgust,6,strong,2,2,0.5,0.3914102064666926
03-01-08-01-01-01-24,Actor_24/03-01-08-01-01-01-24.wav,24,F,surprised,7,normal,1,1,0.7,0.5359073359073359
03-01-08-01-01-02-24,Actor_24/03-01-08-01-01-02-24.wav,24,F,surprised,7,normal,1,2,0.6,0.4593491450634307
03-01-08-01-02-01-24,Actor_24/03-01-08-01-02-01-24.wav,24,F,surprised,7,normal,2,1,0.4,0.30623276337562055
03-01-08-01-02-02-24,Actor_24/03-01-08-01-02-02-24.wav,24,F,surprised,7,normal,2,2,0.4,0.30623276337562055
03-01-08-02-01-01-24,Actor_24/03-01-08-02-01-01-24.wav,24,F,surprised,7,strong,1,1,0.9,0.6890237175951461
03-01-08-02-01-02-24,Actor_24/03-01-08-02-01-02-24.wav,24,F,surprised,7,strong,1,2,1.0,0.7655819084390513
03-01-08-02-02-01-24,Actor_24/03-01-08-02-02-01-24.wav,24,F,surprised,7,strong,2,1,0.7,0.5359073359073359
03-01-08-02-02-02-24,Actor_24/03-01-08-02-02-02-24.wav,24,F,surprised,7,strong,2,2,0.9,0.6890237175951461
